OBS,DURATION,NEW_CAR,USED_CAR,FURNITURE,RADIO_TV,EDUCATION,RETRAINING,INSTALL_RATE,CO_APPLICANT,GUARANTOR,REAL_ESTATE,PROP_UNKN_NONE,AGE,OTHER_INSTALL,RENT,OWN_RES,NUM_CREDITS,NUM_DEPENDENTS,TELEPHONE,FOREIGN,RESPONSE,AMOUNT,CHK_ACCT,HISTORY,SAV_ACCT,EMPLOYMENT,PRESENT_RESIDENT,JOB
1,6,0,0,0,1,0,0,4,0,0,1,0,67,0,0,1,2,1,1,0,1,1169,0,4,4,4,4,2
2,48,0,0,0,1,0,0,2,0,0,1,0,22,0,0,1,1,1,0,0,0,5951,1,2,0,2,2,2
3,12,0,0,0,0,1,0,2,0,0,1,0,49,0,0,1,1,2,0,0,1,2096,3,4,0,3,3,1
4,42,0,0,1,0,0,0,2,0,1,0,0,45,0,0,0,1,2,0,0,1,7882,0,2,0,3,4,2
5,24,1,0,0,0,0,0,3,0,0,0,1,53,0,0,0,2,2,0,0,0,4870,0,3,0,2,4,2
6,36,0,0,0,0,1,0,2,0,0,0,1,35,0,0,0,1,2,1,0,1,9055,3,2,4,2,4,1
7,24,0,0,1,0,0,0,3,0,0,0,0,53,0,0,1,1,1,0,0,1,2835,3,2,2,4,4,2
8,36,0,1,0,0,0,0,2,0,0,0,0,35,0,1,0,1,1,1,0,1,6948,1,2,0,2,2,3
9,12,0,0,0,1,0,0,2,0,0,1,0,61,0,0,1,1,1,0,0,1,3059,3,2,3,3,4,1
10,30,1,0,0,0,0,0,4,0,0,0,0,28,0,0,1,2,1,0,0,0,5234,1,4,0,0,2,3
11,12,1,0,0,0,0,0,3,0,0,0,0,25,0,1,0,1,1,0,0,0,1295,1,2,0,1,1,2
12,48,0,0,0,0,0,1,3,0,0,0,0,24,0,1,0,1,1,0,0,0,4308,0,2,0,1,4,2
13,12,0,0,0,1,0,0,1,0,0,0,0,22,0,0,1,1,1,1,0,1,1567,1,2,0,2,1,2
14,24,1,0,0,0,0,0,4,0,0,0,0,NA,0,0,1,2,NA,0,NA,0,NA,0,4,0,4,4,1
15,15,1,0,0,0,0,0,2,0,0,0,0,28,0,1,0,1,1,0,0,1,1403,0,2,0,2,4,2
16,24,0,0,0,1,0,0,4,0,0,0,0,32,0,0,1,1,1,0,0,0,1282,0,2,1,2,2,1
17,24,0,0,0,1,0,0,4,0,0,0,0,53,0,0,1,2,1,0,0,1,2424,3,4,4,4,4,2
18,30,0,0,0,0,0,1,2,0,0,0,0,25,1,0,1,3,1,0,0,1,8072,0,0,4,1,3,2
19,24,0,1,0,0,0,0,4,0,0,0,1,44,0,0,0,1,1,1,0,0,12579,1,2,0,4,2,3
20,24,0,0,0,1,0,0,3,0,0,0,0,31,0,0,1,1,2,1,0,1,3430,3,2,2,4,2,2
21,9,1,0,0,0,NA,NA,NA,NA,NA,NA,NA,NA,NA,NA,NA,NA,NA,NA,NA,NA,NA,3,4,0,2,4,2
22,6,0,0,0,1,0,0,2,0,0,1,0,44,0,1,0,1,2,0,0,1,2647,0,2,2,2,3,2
23,10,1,0,0,0,0,0,1,0,0,1,0,48,0,1,0,2,2,0,1,1,2241,0,4,0,1,3,1
24,12,0,1,0,0,0,0,3,0,0,0,0,44,0,0,1,1,1,0,0,1,1804,1,4,1,1,4,2
25,10,0,0,1,0,0,0,2,0,0,0,0,26,0,0,1,2,1,0,1,1,2069,3,4,4,2,1,2
26,6,0,0,1,0,0,0,1,0,0,1,0,36,1,0,1,1,1,1,0,1,1374,0,2,0,2,2,1
27,6,0,0,0,1,0,0,NA,NA,NA,NA,NA,NA,NA,0,1,1,1,0,0,1,NA,3,0,0,4,4,1
28,12,0,0,0,1,0,0,3,0,0,1,0,42,0,1,0,2,1,0,0,1,409,2,1,3,2,3,2
29,7,0,0,0,1,0,0,3,0,1,1,0,34,0,0,1,1,1,0,0,1,2415,1,2,0,2,2,2
30,60,0,0,0,0,0,1,3,0,0,0,1,63,0,0,1,2,1,1,0,0,6836,0,3,0,4,4,2
31,18,0,0,0,0,0,1,3,0,0,1,0,36,1,0,1,1,1,1,0,1,1913,1,2,3,1,3,2
32,24,0,0,1,0,0,0,2,0,0,0,0,27,1,0,1,1,1,0,0,1,4020,0,2,0,2,2,2
33,18,1,0,0,0,0,0,2,0,0,0,0,30,0,0,1,2,1,1,0,1,5866,1,2,1,2,2,2
34,12,0,0,0,0,0,1,4,0,0,0,1,57,0,1,0,1,1,0,0,1,1264,3,4,4,4,4,1
35,12,0,0,1,0,0,0,4,0,0,0,0,33,1,0,1,1,1,1,0,1,1474,2,2,0,1,1,3
36,45,0,0,0,1,0,0,4,0,0,0,0,25,0,0,1,2,1,0,0,0,4746,1,4,0,1,2,1
37,48,0,0,0,0,1,0,1,0,0,0,1,31,1,0,0,1,1,1,0,1,6110,3,4,0,2,3,2
38,18,0,0,0,1,0,0,4,1,0,1,0,37,1,0,1,1,1,0,0,0,2100,2,2,0,2,2,2
39,10,0,0,0,0,0,0,2,0,0,0,0,37,0,0,1,1,1,1,0,1,1225,2,2,0,2,2,2
40,9,0,0,0,1,0,0,4,0,0,1,0,24,0,0,1,1,1,0,0,1,458,1,2,0,2,3,2
41,30,0,0,0,1,0,0,4,0,0,0,0,30,1,0,1,1,1,0,0,1,2333,3,2,2,4,2,3
42,12,0,0,0,1,0,0,3,0,0,0,0,26,0,0,1,1,1,1,0,1,1158,1,2,2,2,1,2
43,18,0,0,0,0,0,0,2,0,0,1,0,44,0,0,1,1,2,1,0,1,6204,1,3,0,2,4,1
44,30,0,1,0,0,0,0,1,0,0,0,0,24,0,1,0,2,1,0,0,1,6187,0,4,1,3,4,2
45,48,0,1,0,0,0,0,4,0,0,0,1,58,1,0,0,2,1,0,0,0,6143,0,4,0,4,4,1
46,11,1,0,0,0,0,0,4,0,0,0,0,35,0,0,1,2,1,0,0,1,1393,3,4,0,1,4,3
47,36,0,0,0,1,0,0,4,0,0,0,0,39,0,0,1,1,1,0,0,1,2299,3,2,2,4,4,2
48,6,0,1,0,0,0,0,NA,NA,NA,NA,NA,NA,NA,NA,NA,NA,NA,NA,NA,1,NA,0,2,2,0,2,0
49,11,1,0,0,0,0,0,1,0,0,0,0,39,0,0,1,2,1,0,0,1,7228,3,4,0,2,4,1
50,12,0,0,0,1,0,0,4,1,0,1,0,28,0,0,1,1,1,0,0,1,2073,3,2,1,2,2,2
51,24,0,0,1,0,0,0,4,0,0,0,0,29,1,0,1,1,1,0,0,1,2333,1,3,4,1,2,1
52,27,0,1,0,0,0,0,1,0,0,0,0,30,0,0,1,2,1,1,0,1,5965,1,3,0,4,2,3
53,12,0,0,0,1,0,0,3,0,0,0,0,25,0,0,1,1,1,0,0,1,1262,3,2,0,2,2,2
54,18,0,1,0,0,0,0,2,0,0,0,0,31,0,0,1,1,1,1,0,1,3378,3,2,4,2,1,2
55,36,1,0,0,0,0,0,4,0,0,0,1,57,NA,NA,NA,NA,NA,NA,NA,NA,2225,1,3,0,4,4,2
56,6,1,0,0,0,0,0,1,0,1,1,0,26,1,0,1,1,2,0,0,1,783,3,1,4,2,2,1
57,12,0,0,0,1,0,0,2,0,0,0,1,52,0,0,1,1,1,1,0,0,6468,1,2,4,0,1,3
58,36,0,0,0,1,0,0,2,0,0,0,0,31,1,0,1,2,1,0,0,1,9566,3,4,0,2,2,2
59,18,1,0,0,0,0,0,3,0,0,0,0,23,0,0,1,1,1,0,0,1,1961,2,2,0,4,2,3
60,36,0,0,1,0,0,0,4,1,0,0,1,23,0,1,0,2,1,1,0,0,6229,0,4,0,1,4,1
61,9,0,0,0,0,0,1,2,0,0,1,0,27,1,0,1,1,1,1,0,1,1391,1,2,0,2,1,2
62,15,0,0,0,1,0,0,4,0,1,1,0,50,0,0,1,2,1,1,0,1,1537,1,4,4,4,4,2
63,36,0,0,0,0,0,1,4,0,0,0,1,61,0,0,0,1,1,1,0,0,1953,1,0,0,4,4,3
64,48,0,0,0,0,0,1,2,0,0,0,0,25,0,0,1,1,1,1,0,0,14421,1,0,0,2,2,2
65,24,0,0,0,1,0,0,4,0,0,0,0,26,0,0,1,1,1,1,0,1,3181,3,2,0,1,4,2
66,27,0,0,0,0,0,0,4,0,0,0,0,48,0,0,1,4,2,1,0,1,5190,3,2,4,4,4,2
67,12,0,0,0,1,0,0,2,0,0,0,0,29,1,0,1,1,1,0,0,1,2171,3,2,0,1,2,2
68,12,1,0,0,0,0,0,4,0,0,1,0,22,0,0,1,1,1,0,0,1,1007,1,2,3,2,1,2
69,36,0,0,0,0,1,0,4,0,0,0,1,37,1,0,0,1,1,1,0,0,1819,3,2,0,2,4,2
70,36,0,0,0,1,0,0,4,0,0,0,0,25,0,0,1,1,1,0,0,1,2394,3,2,4,2,4,2
71,36,0,1,0,0,0,0,1,0,0,0,0,30,1,0,1,1,1,0,0,1,8133,3,2,0,2,2,2
72,7,0,0,0,1,0,0,4,0,0,0,0,46,0,1,0,2,1,1,0,1,730,3,4,4,4,2,1
73,8,0,0,0,0,0,0,3,0,0,0,1,51,1,0,0,2,2,1,0,1,1164,0,4,0,4,4,3
74,42,0,0,0,0,0,1,2,0,0,1,0,41,1,0,1,2,1,0,0,1,5954,1,4,0,3,1,1
75,36,0,0,0,0,1,0,4,0,0,0,1,40,0,0,1,1,1,1,0,0,1977,0,2,4,4,4,3
76,12,0,1,0,0,0,0,4,0,0,0,1,66,0,0,0,2,1,0,0,1,1526,0,4,0,4,4,3
77,42,0,0,0,1,0,0,4,0,0,0,0,34,0,0,1,1,1,0,0,0,3965,0,2,0,1,3,2
78,11,0,0,0,1,0,0,2,0,0,0,0,51,0,0,1,1,1,0,0,1,4771,1,3,0,3,4,2
79,54,0,1,0,0,0,0,2,0,0,0,0,39,0,0,1,1,2,0,0,1,9436,3,0,4,2,2,1
80,30,0,0,1,0,0,0,2,0,0,0,0,22,0,0,1,1,1,0,0,1,3832,1,2,0,1,1,2
81,24,0,0,0,1,0,0,1,0,0,0,0,44,0,0,1,2,1,1,0,0,5943,3,2,4,1,1,2
82,15,0,0,0,1,0,0,4,0,0,0,0,47,1,0,1,1,1,1,0,1,1213,3,2,2,4,3,2
83,18,0,0,0,0,0,1,3,0,0,0,0,24,0,1,0,1,1,0,0,1,1568,3,2,1,2,4,1
84,24,0,0,0,0,0,0,4,0,1,1,0,58,0,0,1,1,1,1,0,1,1755,0,2,0,4,4,1
85,10,0,0,0,1,0,0,3,0,0,1,0,52,0,0,1,1,1,0,0,1,2315,0,2,0,4,4,1
86,12,0,0,0,0,0,1,4,0,1,1,0,29,0,0,1,2,1,1,0,1,1412,3,4,0,2,2,3
87,18,0,0,1,0,0,0,4,0,0,0,0,27,0,0,1,2,1,0,0,1,1295,1,4,0,1,1,2
88,36,0,0,0,0,1,0,1,0,0,0,1,47,0,0,0,1,2,1,0,0,12612,1,2,1,2,4,2
89,18,1,0,0,0,0,0,4,0,0,0,0,30,0,0,1,1,2,1,0,1,2249,0,2,1,3,3,3
90,12,0,0,0,0,0,0,4,0,0,1,0,28,0,0,1,2,1,0,0,0,1108,0,0,0,3,3,2
91,12,0,0,0,1,0,0,4,0,0,1,0,56,0,0,1,1,1,0,0,1,618,3,4,0,4,4,2
92,12,0,1,0,0,0,0,4,0,0,1,0,54,0,0,1,1,1,0,0,1,1409,0,4,0,4,3,2
93,12,0,0,0,1,0,0,4,0,0,0,0,33,1,0,1,1,2,0,0,0,797,3,4,4,4,3,1
94,24,0,0,1,0,0,0,4,1,0,0,1,20,0,1,0,2,1,0,0,1,3617,2,4,4,4,4,2
95,12,1,0,0,0,0,0,4,0,0,1,0,54,0,0,1,1,1,1,0,1,1318,1,2,3,4,4,2
96,54,0,0,0,0,0,1,3,0,0,0,1,58,0,1,0,1,1,1,0,0,15945,1,0,0,1,4,2
97,12,0,0,0,0,1,0,4,0,0,0,0,NA,NA,NA,NA,NA,NA,0,0,1,2012,3,4,4,3,2,2
98,18,0,0,0,0,0,1,4,0,0,0,0,34,0,0,1,1,1,0,0,1,2622,1,2,1,2,4,2
99,36,0,0,0,1,0,0,4,0,0,1,0,36,0,0,1,1,1,0,0,1,2337,1,4,0,4,4,2
100,20,0,1,0,0,0,0,3,0,0,0,0,36,1,1,0,2,2,1,0,1,7057,1,3,4,3,4,3
101,24,1,0,0,0,0,0,4,0,0,1,0,41,0,1,0,1,1,0,0,1,1469,3,2,1,4,4,1
102,36,0,0,0,1,0,0,4,0,0,0,0,24,0,1,0,1,1,0,0,1,2323,1,2,0,3,4,2
103,6,0,0,0,1,0,0,3,0,0,1,0,24,0,0,1,1,1,0,0,1,932,3,3,0,2,2,2
104,9,0,0,1,0,0,0,4,0,0,0,0,35,0,1,0,1,1,1,0,1,1919,1,4,0,3,3,2
105,12,0,1,0,0,0,0,2,0,0,0,0,26,0,1,0,1,1,1,0,1,2445,3,2,4,1,4,2
106,24,0,0,0,0,0,0,2,1,0,0,0,39,0,0,1,2,2,1,0,0,11938,1,4,0,2,3,3
107,18,1,0,0,0,0,0,2,0,0,0,1,39,1,0,1,2,2,1,0,0,6458,3,1,0,4,4,3
108,12,1,0,0,0,0,0,2,0,0,0,0,32,0,0,1,1,1,0,0,1,6078,1,2,0,3,2,2
109,24,0,0,1,0,0,0,1,0,0,0,0,30,0,0,1,1,1,1,1,1,7721,0,2,4,1,2,2
110,14,0,0,0,0,0,1,1,0,0,1,0,35,0,0,1,1,1,1,0,1,1410,1,2,2,4,2,2
111,6,0,0,0,0,0,1,1,0,0,0,0,31,1,0,1,2,2,0,0,1,1449,1,3,1,4,2,2
112,15,0,0,0,0,1,0,4,0,0,0,0,23,0,1,0,1,1,1,0,1,392,2,2,0,1,4,2
113,18,1,0,0,0,0,0,3,0,0,1,0,28,0,1,0,1,1,0,0,1,6260,1,2,0,3,3,1
114,36,1,0,0,0,0,0,4,0,0,1,0,25,1,0,1,2,1,1,0,0,7855,3,4,0,2,2,2
115,12,0,0,0,1,0,0,3,0,0,1,0,35,0,0,1,1,1,0,0,1,1680,0,2,2,4,1,2
116,48,0,0,0,1,0,0,4,0,0,1,0,47,0,0,1,1,1,1,0,1,3578,3,4,4,4,1,2
117,42,0,0,0,1,0,0,4,0,0,0,0,30,0,0,1,1,1,1,0,0,7174,0,2,4,3,3,3
118,10,0,0,1,0,0,0,2,1,0,1,0,27,0,1,0,2,1,0,1,1,2132,0,4,4,1,3,2
119,33,0,0,1,0,0,0,1,0,0,0,0,23,0,0,1,2,1,0,0,0,4281,0,4,2,2,4,2
120,12,1,0,0,0,0,0,3,0,0,0,0,36,0,0,1,1,1,1,0,1,2366,1,4,2,3,3,3
121,21,0,0,0,1,0,0,3,0,0,1,0,25,0,0,1,2,1,1,0,0,1835,0,2,0,2,2,2
122,24,0,1,0,0,0,0,4,0,0,0,0,41,0,1,0,2,1,1,0,1,3868,3,4,0,4,2,3
123,12,0,0,1,0,0,0,3,0,0,1,0,24,0,1,0,1,1,0,0,1,1768,3,2,0,2,2,1
124,10,1,0,0,0,0,0,4,0,0,0,1,63,0,0,0,2,1,1,0,1,781,2,4,0,4,4,2
125,18,0,0,1,0,0,0,4,0,0,1,0,27,0,1,0,1,1,0,0,0,1924,1,2,4,1,3,2
126,12,1,0,0,0,0,0,4,0,0,0,0,30,0,0,1,2,1,0,0,1,2121,0,4,0,2,2,2
127,12,0,0,0,1,0,0,4,NA,0,1,0,40,0,0,1,1,1,0,0,1,701,0,2,0,2,2,1
128,12,0,0,0,0,0,0,4,0,0,0,0,30,0,0,1,1,1,0,0,0,639,1,2,0,2,2,2
129,12,0,1,0,0,0,0,4,0,0,0,0,34,0,0,1,2,1,1,0,1,1860,1,4,0,0,2,3
130,12,1,0,0,0,0,0,3,1,0,1,0,29,0,0,1,2,1,0,0,0,3499,0,4,0,2,2,2
131,48,1,0,0,0,0,0,1,0,0,0,0,24,0,0,1,1,1,0,0,1,8487,1,2,4,3,2,2
132,36,0,0,0,0,1,0,4,0,0,0,0,29,1,0,1,1,1,1,0,0,6887,0,3,0,2,3,2
133,15,0,0,1,0,0,0,2,0,0,0,0,27,1,0,1,2,1,0,0,1,2708,3,2,0,1,3,1
134,18,0,0,1,0,0,0,4,0,0,0,1,47,1,0,0,2,1,0,0,1,1984,3,2,0,2,4,2
135,60,0,0,0,1,0,0,2,0,0,1,0,21,0,0,1,1,1,1,0,1,10144,3,2,1,3,4,2
136,12,0,0,0,1,0,0,4,0,0,1,0,38,0,0,1,2,1,1,0,1,1240,3,4,4,4,2,2
137,27,0,1,0,0,0,0,2,0,0,0,0,27,0,0,1,2,1,0,0,1,8613,3,3,3,2,2,2
138,12,0,0,0,1,0,0,4,0,0,1,0,66,0,0,1,1,1,0,0,0,766,1,2,2,2,3,1
139,15,0,0,0,1,0,0,4,0,1,1,0,35,1,0,1,3,1,1,0,1,2728,1,4,4,3,2,2
140,12,0,0,0,1,0,0,2,0,0,0,0,44,0,1,0,1,1,1,0,1,1881,2,2,0,2,2,1
141,6,1,0,0,0,0,0,2,0,0,1,0,27,0,0,1,1,1,0,1,1,709,2,2,3,1,2,0
142,36,0,0,0,1,0,0,4,0,0,0,1,30,0,0,1,1,1,1,0,1,4795,1,2,0,1,1,3
143,27,0,0,0,1,0,0,3,0,0,0,0,27,0,0,1,1,1,0,0,1,3416,0,2,0,2,2,3
144,18,0,0,1,0,0,0,2,0,0,0,0,22,0,0,1,1,1,0,0,0,2462,0,2,0,2,2,2
145,21,0,0,1,0,0,0,4,0,0,0,0,23,0,0,1,1,1,1,0,1,2288,3,4,0,1,4,2
146,48,0,0,0,0,0,1,4,0,0,0,0,30,0,0,1,1,1,0,0,1,3566,1,1,1,3,2,2
147,6,1,0,0,0,0,0,1,0,0,0,1,39,0,0,1,2,1,1,0,1,860,0,4,0,4,4,2
148,12,1,0,0,0,0,0,4,0,0,0,0,51,0,0,1,2,1,1,0,1,682,3,4,1,3,3,2
149,36,0,0,1,0,0,0,3,0,1,0,0,28,0,0,1,2,1,0,0,1,5371,0,4,0,2,2,2
150,18,0,0,0,1,0,0,4,0,0,0,0,46,0,0,1,2,1,0,0,1,1582,3,4,3,4,4,2
151,6,0,0,0,1,0,0,2,0,0,0,1,42,1,0,0,1,2,1,0,1,1346,3,2,1,4,4,2
152,10,0,0,0,1,0,0,1,0,0,0,0,38,0,0,1,1,1,1,1,1,1924,3,2,0,2,4,2
153,36,0,0,0,1,0,0,4,0,0,0,0,24,0,0,1,1,1,0,0,1,5848,2,2,0,2,1,2
154,24,0,1,0,0,0,0,2,0,0,0,1,29,0,1,0,1,1,0,0,1,7758,1,4,3,4,4,2
155,24,0,0,0,0,0,1,4,0,0,0,0,36,0,1,0,1,1,1,0,1,6967,1,3,1,3,4,3
156,12,0,0,1,0,0,0,2,0,0,0,0,20,0,1,0,1,1,0,0,0,1282,0,2,0,2,4,2
157,9,0,0,0,0,0,0,3,0,1,1,0,48,0,0,1,2,2,0,1,1,1288,0,4,1,4,4,2
158,12,0,0,0,0,0,0,4,0,0,0,0,45,1,0,1,1,1,0,0,1,339,0,1,0,4,1,1
159,24,1,0,0,0,0,0,2,0,0,0,0,38,1,0,1,2,1,1,0,1,3512,1,2,1,3,3,2
160,6,0,0,0,1,0,0,1,0,0,1,0,34,0,0,1,2,2,0,0,1,1898,3,4,4,2,2,1
161,24,0,0,0,1,0,0,3,0,0,1,0,36,0,0,1,1,2,1,0,1,2872,3,4,1,4,4,2
162,18,1,0,0,0,0,0,4,0,0,0,0,30,0,0,1,2,1,0,0,1,1055,3,4,0,1,1,2
163,15,0,0,0,0,0,0,4,0,0,0,0,36,0,0,1,2,1,1,0,1,1262,3,2,2,3,3,2
164,10,1,0,0,0,0,0,2,0,0,0,1,70,1,0,0,1,1,1,0,1,7308,1,2,0,0,4,3
165,36,1,0,0,0,0,0,4,0,0,0,0,36,0,0,1,1,1,0,0,1,909,3,2,2,4,4,2
166,6,0,0,1,0,0,0,1,0,0,0,0,32,0,0,1,1,1,1,0,1,2978,3,2,2,2,2,2
167,18,0,0,1,0,0,0,4,0,0,0,0,33,0,0,1,1,1,0,0,0,1131,0,2,0,0,2,2
168,11,0,0,1,0,0,0,4,0,0,1,0,20,0,0,1,1,1,0,0,1,1577,1,2,3,1,1,2
169,24,0,0,1,0,0,0,2,0,0,0,0,25,0,1,0,1,1,1,0,1,3972,3,2,0,3,4,2
170,24,0,0,0,0,0,1,4,0,0,1,0,31,0,0,1,2,1,1,0,0,1935,1,4,0,4,4,2
171,15,1,0,0,0,0,0,4,0,0,0,0,33,0,1,0,2,2,0,0,0,950,0,0,0,4,3,2
172,12,0,0,1,0,0,0,4,0,0,1,0,26,0,0,1,1,1,1,0,1,763,3,2,0,2,1,2
173,24,0,0,1,0,0,0,3,0,0,0,0,34,0,0,1,1,1,1,0,0,2064,1,3,0,0,2,3
174,8,0,0,0,1,0,0,4,0,1,1,0,33,0,0,1,1,1,0,1,1,1414,1,2,0,2,2,2
175,21,0,0,0,0,1,0,2,0,0,0,0,26,0,0,1,2,1,0,0,0,3414,0,3,0,1,1,2
176,30,0,1,0,0,0,0,4,0,0,1,0,53,1,0,1,1,1,1,0,0,7485,3,1,4,0,1,3
177,12,0,0,1,0,0,0,2,0,0,0,0,42,0,0,1,1,1,0,0,1,2577,0,2,0,2,1,2
178,6,0,0,0,1,0,0,4,0,0,0,0,52,0,0,1,2,1,0,0,1,338,0,4,2,4,4,2
179,12,0,0,0,1,0,0,4,0,0,0,0,31,0,1,0,2,2,1,0,1,1963,3,2,0,3,2,3
180,21,1,0,0,0,0,0,4,0,0,1,0,65,0,0,1,2,1,0,0,1,571,0,4,0,4,4,2
181,36,0,0,0,0,0,1,1,0,0,0,0,28,0,0,1,2,1,0,0,0,9572,3,3,0,1,1,2
182,36,0,0,0,0,0,1,2,0,0,1,0,30,1,0,1,2,1,1,0,0,4455,1,3,0,2,2,3
183,21,1,0,0,0,0,0,4,0,0,0,0,40,0,0,1,2,2,0,0,0,1647,0,1,4,2,2,1
184,24,0,0,1,0,0,0,4,0,0,1,0,50,0,0,1,1,1,1,0,1,3777,3,4,3,2,4,2
185,18,1,0,0,0,0,0,4,0,0,0,0,36,1,0,1,1,2,1,0,0,884,1,4,0,4,4,2
186,15,0,0,0,1,0,0,4,0,0,0,0,31,0,0,1,2,1,0,0,1,1360,3,4,0,2,2,2
187,9,0,1,0,0,0,0,2,0,0,0,1,74,1,0,0,1,2,1,0,0,5129,1,1,0,4,4,3
188,16,1,0,0,0,0,0,2,0,0,0,0,68,0,0,0,3,1,1,0,1,1175,1,4,0,0,3,0
189,12,0,0,0,1,0,0,4,0,0,0,0,20,0,0,1,1,1,0,0,0,674,0,2,1,3,1,2
190,18,0,0,1,0,0,0,1,0,0,0,0,33,1,0,1,2,1,1,0,1,3244,1,0,0,2,4,2
191,24,0,0,0,0,0,1,2,0,0,0,0,54,0,0,1,3,1,1,0,0,4591,3,2,3,2,3,3
192,48,0,0,0,0,0,1,4,0,0,0,1,34,0,0,0,1,2,0,0,0,3844,1,0,1,3,4,1
193,27,0,0,0,0,0,1,4,0,0,0,0,36,0,0,1,1,2,1,0,0,3915,1,2,0,2,2,2
194,6,0,0,0,1,0,0,2,0,0,1,0,29,0,1,0,1,1,0,0,1,2108,3,2,0,3,2,2
195,45,0,0,0,1,0,0,4,0,1,0,0,21,0,1,0,1,1,0,0,0,3031,1,2,1,2,4,2
196,9,0,0,0,0,1,0,2,0,0,0,0,34,0,0,1,2,1,1,0,0,1501,1,4,0,4,3,3
197,6,0,0,0,1,0,0,1,0,0,0,0,28,0,0,1,2,1,1,0,1,1382,3,4,0,2,1,2
198,12,0,0,1,0,0,0,4,0,0,0,0,27,1,1,0,4,1,0,0,0,951,1,2,1,1,4,2
199,24,0,1,0,0,0,0,4,0,0,0,1,36,1,0,0,1,1,1,0,1,2760,1,2,4,4,4,2
200,18,0,0,1,0,0,0,4,0,0,0,1,40,0,0,1,1,1,1,0,0,4297,1,3,0,4,3,3
201,9,0,0,0,0,1,0,4,0,0,0,0,52,0,0,1,2,1,1,0,1,936,3,4,2,4,2,2
202,12,1,0,0,0,0,0,4,0,0,1,0,27,0,0,1,1,1,0,0,1,1168,0,2,0,2,3,1
203,27,0,0,0,0,0,1,3,0,0,0,0,26,0,0,1,2,1,0,0,1,5117,3,3,0,3,4,2
204,12,0,0,0,0,0,0,4,0,0,0,0,21,0,1,0,1,1,0,0,0,902,0,2,0,3,4,2
205,12,1,0,0,0,0,0,4,0,0,1,0,38,0,0,1,2,2,0,0,1,1495,3,4,0,4,1,1
206,30,0,1,0,0,0,0,3,0,0,0,1,38,0,0,0,3,2,1,0,1,10623,0,4,0,4,4,3
207,12,0,0,1,0,0,0,4,0,0,1,0,43,0,0,1,3,1,1,0,1,1935,3,4,0,4,4,2
208,12,0,0,0,0,0,0,4,0,0,0,0,26,0,0,1,1,1,0,0,1,1424,1,4,0,3,3,2
209,24,0,0,0,0,0,1,2,0,0,0,0,21,1,0,1,1,1,0,0,1,6568,0,2,0,2,2,1
210,12,0,1,0,0,0,0,3,0,0,0,0,55,0,0,1,1,1,0,1,1,1413,3,2,3,3,2,2
211,9,0,0,0,1,0,0,1,0,0,1,0,33,0,0,1,2,2,0,0,1,3074,3,4,4,2,2,2
212,36,0,0,0,1,0,0,2,0,0,1,0,45,0,0,1,1,1,1,0,1,3835,3,2,4,4,4,1
213,27,0,0,0,0,0,1,2,0,0,0,0,50,1,0,1,2,1,1,0,0,5293,0,0,0,0,4,2
214,30,0,0,0,0,0,1,4,0,0,1,0,66,0,0,1,1,1,1,0,0,1908,2,3,0,4,4,3
215,36,0,0,0,1,0,0,4,0,0,0,0,51,0,0,1,1,1,1,0,1,NA,3,4,4,4,2,2
216,6,0,0,0,0,0,0,1,0,0,0,0,39,0,0,1,2,1,0,0,1,932,1,4,4,3,3,1
217,18,0,0,0,0,0,1,3,0,0,0,0,31,1,0,1,1,1,1,0,1,3104,0,0,0,3,1,2
218,36,0,0,0,1,0,0,2,0,0,1,0,23,0,0,1,1,1,1,0,1,3913,2,2,0,2,2,2
219,24,0,0,1,0,0,0,2,0,0,1,0,24,0,1,0,1,1,0,0,1,3021,0,2,0,2,2,1
220,10,1,0,0,0,0,0,2,0,0,0,0,64,0,0,1,1,1,1,0,1,1364,3,2,0,2,4,2
221,12,0,0,0,1,0,0,4,0,1,1,0,26,1,0,1,1,1,0,0,1,625,1,2,0,1,1,1
222,12,0,0,0,0,1,0,4,0,0,0,0,23,1,1,0,1,1,1,0,1,1200,0,2,4,2,4,2
223,12,0,0,0,1,0,0,4,0,0,1,0,30,1,0,1,2,1,0,0,1,707,3,2,0,2,2,2
224,24,0,0,0,0,0,1,4,0,0,1,0,32,0,0,1,2,2,1,0,1,2978,3,3,4,2,4,2
225,15,0,1,0,0,0,0,3,0,0,0,0,30,0,0,1,1,1,1,0,1,4657,3,2,0,2,2,2
226,36,0,0,0,0,0,0,4,0,0,0,0,27,0,0,1,2,1,0,0,1,2613,3,0,0,2,2,2
227,48,0,0,0,1,0,0,1,1,0,0,1,27,1,0,1,2,1,1,0,0,10961,1,2,3,3,2,2
228,12,0,0,1,0,0,0,4,0,0,0,1,53,0,0,0,1,1,1,0,0,7865,0,2,0,4,4,3
229,9,0,0,0,1,0,0,4,0,0,0,0,22,0,0,1,1,1,0,0,0,1478,3,2,0,3,2,2
230,24,0,0,1,0,0,0,4,0,0,0,1,22,1,0,0,1,1,0,0,1,3149,0,2,0,1,1,2
231,36,0,0,0,1,0,0,4,0,0,0,0,26,0,0,1,1,1,0,0,0,4210,2,2,0,2,2,2
232,9,1,0,0,0,0,0,2,0,0,0,1,51,0,0,0,1,1,0,0,1,2507,3,2,2,4,4,1
233,12,0,0,0,1,0,0,3,0,0,0,1,35,0,0,1,1,1,0,0,1,2141,3,2,1,3,1,2
234,18,0,0,0,1,0,0,4,0,1,1,0,25,0,0,1,1,1,0,0,1,866,1,2,0,2,2,1
235,4,0,0,0,1,0,0,2,0,0,1,0,42,0,0,1,3,2,0,0,1,1544,3,4,0,3,1,1
236,24,0,0,0,1,0,0,4,0,0,0,0,30,1,0,1,1,2,0,0,0,1823,0,2,0,0,2,3
237,6,1,0,0,0,0,0,1,0,0,0,0,23,0,0,1,1,1,1,0,0,14555,1,2,4,0,2,0
238,21,0,0,0,0,0,1,4,0,0,0,0,61,1,1,0,2,1,0,0,0,2767,1,2,1,4,2,1
239,12,0,0,0,1,0,0,4,0,0,0,0,35,0,0,1,2,1,0,0,1,1291,3,4,0,2,2,2
240,30,0,0,0,1,0,0,1,0,1,0,0,39,0,0,1,1,2,0,0,1,2522,0,2,0,4,3,2
241,24,1,0,0,0,0,0,4,0,0,0,0,29,1,0,1,1,1,0,0,0,915,0,2,4,4,2,2
242,6,0,0,0,1,0,0,3,0,0,0,0,51,0,0,1,1,2,0,0,1,1595,3,2,0,3,2,2
243,48,0,1,0,0,0,0,3,0,0,0,1,24,0,0,0,2,2,0,0,0,4605,0,0,0,4,4,2
244,12,0,0,0,0,0,1,3,0,0,1,0,27,0,0,1,2,1,0,0,1,1185,3,4,0,2,2,2
245,12,0,0,0,0,0,0,4,0,0,1,0,35,0,0,1,1,2,0,0,1,3447,3,1,2,2,3,1
246,24,0,0,0,0,0,1,4,0,0,1,0,25,0,0,1,1,1,1,0,1,1258,3,2,0,3,1,2
247,12,0,0,0,1,0,0,4,0,0,1,0,52,0,0,1,3,1,0,0,1,717,3,4,0,4,4,2
248,6,1,0,0,0,0,0,4,0,0,0,1,35,1,1,0,1,1,0,1,1,1204,3,0,1,2,1,2
249,24,0,0,1,0,0,0,2,0,0,1,0,26,0,0,1,1,1,0,0,1,1925,2,2,0,2,2,2
250,18,0,0,0,1,0,0,3,1,0,1,0,22,0,1,0,1,1,0,0,0,433,3,2,0,0,4,2
251,6,1,0,0,0,0,0,3,0,0,1,0,39,0,0,1,2,1,1,0,1,666,0,4,3,3,4,1
252,12,0,0,1,0,0,0,1,0,0,0,0,46,0,0,1,1,1,0,0,1,2251,2,2,0,2,2,1
253,30,1,0,0,0,0,0,4,0,1,0,1,24,1,0,1,1,1,0,0,0,2150,1,2,0,2,2,2
254,24,0,0,1,0,0,0,2,0,0,0,0,35,0,0,1,2,1,0,0,1,4151,3,3,1,2,3,2
255,9,0,0,1,0,0,0,2,0,0,0,0,24,0,0,1,1,1,1,0,1,2030,1,2,4,3,1,2
256,60,0,0,0,1,0,0,1,0,0,1,0,27,0,0,1,1,1,0,0,1,7418,1,3,4,2,1,1
257,24,0,0,0,1,0,0,4,0,0,1,0,35,0,0,1,2,1,0,0,1,2684,3,4,0,2,2,1
258,12,0,0,0,1,0,0,4,0,0,0,1,29,0,0,0,1,1,0,0,0,2149,0,1,0,2,1,2
259,15,0,1,0,0,0,0,1,0,0,0,0,23,0,0,1,1,1,1,0,1,3812,3,2,1,1,4,2
260,11,0,0,0,1,0,0,4,0,0,1,0,57,0,0,1,3,1,0,0,1,1154,3,4,1,0,4,1
261,12,0,0,1,0,0,0,2,0,0,1,0,27,0,0,1,1,1,0,0,1,1657,0,2,0,2,2,2
262,24,0,0,0,1,0,0,4,0,0,0,0,55,0,0,1,1,1,0,0,1,1603,0,2,0,4,4,2
263,18,1,0,0,0,0,0,2,0,0,0,1,36,0,0,0,3,1,1,0,1,5302,0,4,0,4,4,3
264,12,0,0,0,0,1,0,2,0,0,0,1,57,1,0,0,3,1,0,0,1,2748,3,4,0,4,4,1
265,10,1,0,0,0,0,0,3,0,0,1,0,32,0,0,1,2,2,0,1,1,1231,3,4,0,4,4,1
266,15,0,0,0,1,0,0,4,0,0,0,0,37,0,0,1,1,2,0,0,0,802,1,2,0,4,3,2
267,36,0,0,0,0,0,1,NA,NA,NA,NA,NA,NA,NA,NA,1,2,1,0,0,1,NA,3,4,4,4,4,2
268,24,0,0,0,1,0,0,4,0,0,0,0,38,1,0,1,1,1,1,0,1,1533,3,2,0,1,3,2
269,14,1,0,0,0,0,0,1,0,0,0,0,45,0,0,1,1,1,1,1,0,8978,0,2,0,4,4,3
270,24,0,0,0,1,0,0,4,0,0,0,0,25,0,0,1,2,1,0,0,1,999,3,2,4,4,2,2
271,18,1,0,0,0,0,0,4,0,0,0,0,32,0,0,1,1,1,0,1,1,2662,3,2,4,3,3,2
272,12,0,0,1,0,0,0,3,0,0,0,0,37,0,1,0,1,1,1,0,1,1402,3,4,2,3,4,2
273,48,1,0,0,0,0,0,4,1,0,0,1,36,0,0,0,1,1,1,0,1,12169,1,1,4,0,4,3
274,48,0,0,0,1,0,0,4,0,0,1,0,28,0,0,1,2,1,0,0,0,3060,1,2,0,3,4,2
275,30,0,0,0,0,0,0,1,0,0,0,1,34,0,0,1,1,1,1,0,0,11998,0,2,0,1,1,1
276,9,0,0,0,1,0,0,1,0,0,1,0,32,0,0,1,1,2,0,0,1,2697,3,2,0,2,2,2
277,18,0,0,0,1,0,0,2,0,0,0,0,26,0,0,1,2,1,0,0,1,2404,3,4,0,2,2,2
278,12,0,0,1,0,0,0,2,0,0,0,0,49,0,0,1,1,1,1,0,1,1262,0,2,4,4,4,1
279,6,0,0,1,0,0,0,1,0,0,0,0,32,0,0,1,1,1,0,0,0,4611,3,2,0,1,4,2
280,24,0,0,0,1,0,0,4,0,0,0,0,29,0,1,0,1,1,1,0,1,1901,3,2,1,2,4,3
281,15,0,1,0,0,0,0,3,0,0,0,1,23,0,1,0,2,1,1,0,1,3368,3,4,3,4,4,2
282,12,0,0,1,0,0,0,4,0,0,1,0,50,0,0,1,1,1,0,0,1,1574,3,2,0,2,2,2
283,18,0,0,0,1,0,0,4,0,0,0,0,49,1,0,1,1,1,0,0,1,1445,2,1,4,3,4,1
284,15,0,0,1,0,0,0,4,0,0,0,0,63,0,0,1,1,1,0,0,1,1520,3,4,4,4,4,2
285,24,1,0,0,0,0,0,4,0,0,0,0,37,0,0,1,1,1,1,0,1,3878,1,4,1,1,2,2
286,47,1,0,0,0,0,0,1,0,0,1,0,35,0,0,1,1,1,1,0,1,10722,0,2,0,1,1,1
287,48,0,1,0,0,0,0,4,0,0,0,0,26,0,0,1,1,2,0,0,1,4788,0,2,0,3,3,2
288,48,0,0,0,0,0,0,2,0,0,0,1,31,0,0,0,1,1,1,0,1,7582,1,3,1,0,4,3
289,12,0,0,0,1,0,0,4,0,1,1,0,49,0,0,1,2,1,1,0,1,1092,1,2,0,2,4,2
290,24,0,0,0,1,0,0,4,0,0,1,0,48,1,0,1,1,1,0,0,0,1024,0,3,0,1,4,2
291,12,0,0,0,0,0,1,2,0,0,1,0,26,0,0,1,1,1,1,1,1,1076,3,2,0,2,2,2
292,36,0,1,0,0,0,0,1,0,0,0,0,28,0,1,0,1,1,1,0,0,9398,1,2,0,1,4,3
293,24,0,1,0,0,0,0,2,0,0,0,1,44,0,0,0,2,2,1,0,1,6419,0,4,0,4,4,3
294,42,0,1,0,0,0,0,4,0,0,0,1,56,0,0,0,1,1,0,0,1,4796,2,4,0,4,4,2
295,48,0,0,0,0,0,1,4,0,0,0,0,46,1,0,1,2,2,0,0,1,7629,3,4,4,4,2,3
296,48,0,0,1,0,0,0,1,0,0,0,0,26,0,0,1,1,1,1,0,0,9960,1,2,0,1,2,2
297,12,0,1,0,0,0,0,1,0,0,0,0,20,0,1,0,1,1,0,0,1,4675,3,2,4,1,4,2
298,10,1,0,0,0,0,0,4,1,0,0,0,45,0,0,1,1,1,0,1,1,1287,3,2,4,4,2,1
299,18,0,0,1,0,0,0,3,0,0,1,0,43,0,0,1,1,1,1,0,1,2515,3,2,0,2,4,2
300,21,0,0,1,0,0,0,3,0,0,0,0,32,0,0,1,2,1,1,0,1,2745,1,4,3,3,2,2
301,6,1,0,0,0,0,0,1,0,0,1,0,54,0,0,1,1,1,1,0,1,672,3,2,0,0,4,0
302,36,0,0,0,1,0,0,4,0,0,0,0,42,0,0,1,1,1,1,0,0,3804,1,0,0,2,1,2
303,24,1,0,0,0,0,0,4,0,0,1,0,37,1,0,1,2,2,0,0,0,1344,2,4,4,3,2,1
304,10,1,0,0,0,0,0,4,1,0,0,0,49,0,0,1,2,1,1,0,1,1038,0,4,0,3,3,2
305,48,1,0,0,0,0,0,2,0,0,0,1,44,1,0,0,1,1,0,0,0,10127,3,4,2,2,2,2
306,6,0,0,1,0,0,0,4,0,0,1,0,33,0,0,1,1,1,0,0,1,1543,3,2,3,2,2,2
307,30,0,1,0,0,0,0,2,0,0,0,0,24,1,1,0,1,1,0,0,1,4811,3,2,4,3,4,1
308,12,0,0,0,1,0,0,4,0,0,0,1,33,0,0,1,1,1,1,0,0,727,0,2,1,1,3,1
309,8,0,0,1,0,0,0,3,0,0,1,0,24,0,0,1,1,1,0,0,0,1237,1,2,0,2,4,2
310,9,1,0,0,0,0,0,4,0,0,1,0,22,0,1,0,1,1,0,0,1,276,1,2,0,2,4,1
311,48,0,0,0,0,0,0,3,0,0,0,1,40,1,0,0,1,1,1,0,1,5381,1,2,4,0,4,0
312,24,0,0,1,0,0,0,4,0,0,0,0,25,1,0,1,1,1,0,0,1,5511,3,2,1,2,1,2
313,24,0,0,1,0,0,0,2,0,0,0,0,26,0,0,1,1,1,0,0,1,3749,2,2,0,1,4,2
314,12,1,0,0,0,0,0,2,0,0,0,0,25,1,0,1,1,1,0,0,0,685,1,2,0,3,3,1
315,4,1,0,0,0,0,0,1,0,0,1,0,29,0,0,1,1,2,0,1,1,1494,2,2,4,1,2,1
316,36,0,0,1,0,0,0,4,0,0,0,0,31,1,0,1,1,1,0,0,0,2746,0,1,0,4,4,2
317,12,0,0,1,0,0,0,2,0,1,0,0,38,0,0,1,1,2,0,0,1,708,0,2,0,2,3,1
318,24,0,0,1,0,0,0,1,0,0,0,0,48,0,0,1,1,1,1,0,1,4351,1,2,4,2,4,1
319,12,0,0,0,0,1,0,4,0,0,0,0,32,0,0,1,2,1,0,0,1,701,3,4,0,2,2,2
320,15,0,0,1,0,0,0,1,0,0,0,0,27,0,0,1,2,1,0,0,1,3643,0,3,0,4,4,1
321,30,1,0,0,0,0,0,4,0,0,0,0,28,0,0,1,2,1,0,0,0,4249,1,4,0,0,2,3
322,24,0,0,0,1,0,0,4,0,0,0,0,32,0,0,1,1,1,0,0,0,1938,0,2,0,1,3,2
323,24,0,1,0,0,0,0,2,0,0,0,1,34,0,0,0,1,1,1,0,1,2910,0,2,0,3,1,3
324,18,0,0,1,0,0,0,4,0,0,0,0,28,0,0,1,1,1,0,0,1,2659,0,2,3,2,2,2
325,18,1,0,0,0,0,0,4,0,0,1,0,36,0,0,1,2,1,0,0,1,1028,3,4,0,2,3,2
326,8,1,0,0,0,0,0,1,0,0,1,0,39,0,0,1,2,1,0,1,1,3398,0,4,0,3,4,1
327,12,0,0,1,0,0,0,2,0,0,0,0,49,0,1,0,1,1,1,0,1,5801,3,4,4,4,4,2
328,24,1,0,0,0,0,0,4,0,0,0,0,34,0,0,1,1,2,1,0,1,1525,3,2,3,3,3,2
329,36,0,0,0,1,0,0,4,0,0,0,0,31,0,0,1,1,1,0,0,1,4473,2,2,0,4,2,2
330,6,0,0,0,1,0,0,4,0,0,0,0,28,0,0,1,1,2,0,0,1,1068,1,2,0,4,4,2
331,24,0,1,0,0,0,0,2,0,0,0,1,75,0,0,0,2,1,1,0,1,6615,0,4,0,0,4,3
332,18,0,0,0,0,1,0,4,0,0,1,0,30,0,0,1,2,1,0,0,0,1864,3,4,1,2,2,2
333,60,1,0,0,0,0,0,4,0,0,0,0,24,0,0,1,1,1,0,0,0,7408,1,2,1,1,2,3
334,48,0,1,0,0,0,0,2,0,0,0,0,24,1,1,0,2,1,0,0,0,11590,3,4,1,2,4,1
335,24,0,0,1,0,0,0,3,0,0,0,1,23,1,1,0,2,2,0,0,0,4110,0,0,0,4,4,2
336,6,0,0,1,0,0,0,1,0,0,1,0,44,0,1,0,1,1,1,0,0,3384,0,4,0,2,4,3
337,13,0,0,0,1,0,0,2,0,1,0,0,23,0,0,1,1,1,0,0,1,2101,1,2,0,1,4,1
338,15,0,0,0,0,0,0,4,0,0,0,0,24,0,1,0,1,1,0,0,0,1275,0,2,4,2,2,2
339,24,0,0,1,0,0,0,4,0,0,0,0,28,0,0,1,1,1,0,0,1,4169,0,2,0,2,4,2
340,10,0,0,1,0,0,0,4,0,0,0,0,31,0,0,1,1,1,0,0,1,1521,1,2,0,2,2,1
341,24,0,0,0,0,1,0,2,0,0,0,1,24,0,0,0,2,1,1,0,1,5743,1,4,0,1,4,2
342,21,0,0,1,0,0,0,1,0,0,0,0,26,0,1,0,1,1,0,0,1,3599,0,2,0,3,4,1
343,18,0,0,0,1,0,0,1,0,0,1,0,25,0,1,0,1,1,0,0,1,3213,1,2,2,1,3,2
344,18,0,0,0,0,0,1,1,1,0,1,0,33,1,0,1,1,1,1,0,1,4439,1,2,0,4,1,3
345,10,1,0,0,0,0,0,1,0,1,0,0,37,0,0,1,1,2,0,0,1,3949,2,2,0,1,1,1
346,15,0,0,0,1,0,0,4,0,0,0,0,43,0,0,1,1,1,0,0,1,1459,3,4,0,2,2,1
347,13,0,0,0,1,0,0,4,0,1,1,0,23,0,0,1,2,1,0,0,1,882,1,4,0,1,4,2
348,24,0,0,0,1,0,0,1,0,0,0,1,23,0,1,0,1,1,0,0,1,3758,1,2,2,0,4,0
349,6,0,0,0,0,0,1,1,0,0,1,0,34,0,0,1,2,1,0,0,1,1743,3,3,1,2,2,1
350,9,0,0,0,0,1,0,4,0,0,0,1,32,0,0,0,2,2,0,0,0,1136,1,4,3,4,3,2
351,9,0,0,0,0,0,0,1,0,0,1,0,23,0,1,0,1,1,1,0,1,1236,3,2,0,1,4,2
352,9,0,0,1,0,0,0,1,0,0,0,0,29,0,0,1,1,1,0,1,0,959,1,2,0,2,2,2
353,NA,0,1,0,0,0,0,2,0,0,0,1,38,0,0,1,1,1,1,0,1,3229,3,4,4,0,4,3
354,12,0,0,0,1,0,0,4,0,0,0,0,28,0,1,0,2,1,1,0,0,6199,0,0,0,2,2,2
355,10,0,0,0,0,1,0,4,0,0,0,1,46,0,0,0,1,1,1,0,1,727,3,2,2,4,4,2
356,24,1,0,0,0,0,0,4,0,0,1,0,23,1,0,1,1,1,0,0,0,1246,1,2,0,1,2,1
357,12,0,0,0,1,0,0,1,1,0,1,0,49,0,0,1,1,1,1,0,1,2331,3,4,4,4,4,2
358,36,0,0,0,1,0,0,4,0,0,0,0,26,0,0,1,2,1,1,0,0,4463,3,3,0,2,2,3
359,12,0,0,0,1,0,0,4,0,0,1,0,28,0,0,1,1,1,0,0,1,776,3,2,0,2,2,2
360,30,0,0,1,0,0,0,4,0,0,1,0,23,0,1,0,1,1,0,0,0,2406,0,2,0,3,4,2
361,18,0,0,0,0,1,0,4,0,0,0,1,61,0,0,0,1,1,0,0,1,1239,1,2,4,2,4,2
362,12,0,0,0,1,0,0,2,0,0,0,0,37,0,0,1,1,1,0,0,1,3399,2,2,4,4,3,3
363,12,1,0,0,0,0,0,2,0,0,0,0,36,1,0,1,2,1,1,0,1,2247,2,3,0,2,2,2
364,6,0,0,1,0,0,0,1,0,0,0,0,21,0,1,0,1,1,0,0,1,1766,3,2,0,2,2,2
365,18,0,0,1,0,0,0,4,0,0,0,0,25,0,0,1,1,1,0,0,0,2473,0,2,0,0,1,0
366,12,0,0,0,0,0,1,2,0,0,0,0,36,0,0,1,1,1,1,0,1,1542,3,2,0,3,4,2
367,18,0,1,0,0,0,0,3,0,0,0,0,27,0,0,1,2,1,0,0,1,3850,3,4,0,3,1,2
368,18,0,0,1,0,0,0,1,0,0,0,0,22,0,1,0,1,1,0,0,1,3650,0,2,0,1,4,2
369,36,0,0,1,0,0,0,4,0,0,0,0,42,0,0,1,1,2,0,0,0,3446,0,2,0,4,2,2
370,18,0,0,1,0,0,0,2,0,0,1,0,40,0,1,0,1,1,0,0,1,3001,1,2,0,3,4,2
371,36,1,0,0,0,0,0,4,0,0,1,0,36,0,0,1,1,1,0,0,1,3079,3,2,4,2,4,2
372,18,0,0,0,1,0,0,3,0,0,0,0,33,0,0,1,2,1,1,0,1,6070,3,4,0,4,4,2
373,10,0,0,1,0,0,0,1,0,0,1,0,23,0,1,0,2,1,0,0,1,2146,3,4,0,1,3,2
374,60,1,0,0,0,0,0,2,0,0,0,1,63,1,0,0,1,1,1,0,1,13756,3,4,4,4,4,3
375,60,0,0,0,0,0,0,3,0,0,0,1,60,1,0,0,2,1,1,0,0,14782,1,1,1,4,4,3
376,48,0,0,0,0,0,1,2,0,1,0,0,37,0,1,0,1,1,0,0,0,7685,0,1,0,3,4,2
377,18,0,0,0,1,0,0,2,0,0,1,0,34,0,0,1,2,1,0,0,1,2320,3,3,0,0,3,2
378,7,0,0,0,1,0,0,3,0,0,0,1,36,0,0,0,1,1,0,0,1,846,3,3,4,4,4,2
379,36,1,0,0,0,0,0,4,0,0,0,1,57,0,0,0,1,1,1,0,0,14318,1,2,0,4,2,3
380,6,1,0,0,0,0,0,4,0,0,0,0,52,0,0,1,2,1,0,0,1,362,3,4,1,2,4,1
381,20,0,0,1,0,0,0,4,0,0,0,0,39,0,0,1,1,1,1,0,1,2212,0,2,4,3,4,2
382,18,0,1,0,0,0,0,3,0,0,0,1,38,0,0,0,1,1,1,0,0,12976,1,2,0,0,4,3
383,22,1,0,0,0,0,0,4,0,0,0,0,25,0,1,0,1,1,0,0,1,1283,3,2,4,3,4,2
384,12,1,0,0,0,0,0,4,0,0,1,0,26,0,0,1,1,1,0,0,1,1330,2,2,0,1,1,2
385,30,0,0,0,0,0,1,2,0,0,0,0,26,0,0,1,2,1,0,0,1,4272,3,3,1,2,2,1
386,18,0,0,0,1,0,0,2,0,0,0,0,25,0,0,1,2,1,0,0,1,2238,3,4,0,2,1,2
387,18,0,0,0,1,0,0,4,0,0,1,0,21,0,1,0,1,1,1,0,1,1126,3,2,4,1,2,2
388,18,0,0,1,0,0,0,4,0,0,0,0,40,1,0,1,2,1,1,0,1,7374,1,4,0,0,4,3
389,15,0,0,0,0,0,1,2,0,0,0,0,27,1,0,1,1,1,0,0,1,2326,1,4,2,2,4,2
390,9,0,0,0,0,0,1,3,0,0,0,0,27,0,0,1,2,1,0,0,1,1449,3,2,0,3,2,2
391,18,1,0,0,0,0,0,2,0,0,0,0,30,0,0,1,1,1,1,0,1,1820,3,2,0,2,2,3
392,12,0,0,1,0,0,0,1,0,0,1,0,19,0,1,0,1,1,0,0,1,983,1,2,3,1,4,1
393,36,1,0,0,0,0,0,2,0,0,0,1,39,1,0,0,1,2,1,0,1,3249,0,2,0,3,4,3
394,6,0,0,0,1,0,0,1,0,0,0,0,31,0,0,1,1,1,0,0,1,1957,0,4,0,3,4,2
395,NA,0,0,1,0,0,0,2,0,0,0,0,31,0,0,1,1,1,0,0,1,2406,3,4,0,0,3,3
396,39,0,0,0,0,1,0,2,0,0,0,1,32,0,1,0,1,1,1,0,1,11760,1,3,1,3,3,2
397,12,0,0,1,0,0,0,3,0,0,0,1,55,0,0,0,1,1,0,0,1,2578,0,2,0,0,4,3
398,36,0,0,1,0,0,0,3,0,0,0,0,46,0,0,1,2,1,1,0,1,2348,0,4,0,2,2,2
399,12,1,0,0,0,0,0,1,0,0,1,0,46,0,1,0,2,1,0,0,0,1223,1,2,0,4,1,2
400,24,0,0,0,1,0,0,4,0,0,1,0,43,0,0,1,2,1,0,0,1,1516,3,4,3,2,1,1
401,18,0,0,0,1,0,0,3,0,0,1,0,39,0,0,1,1,1,1,0,1,1473,3,2,0,1,4,2
402,18,0,0,0,0,0,1,4,0,0,1,0,28,1,0,1,2,1,0,0,1,1887,1,4,4,2,4,2
403,24,0,0,0,0,0,1,2,0,0,0,0,27,1,0,1,2,1,1,0,0,8648,3,3,0,1,2,2
404,14,1,0,0,0,0,0,4,0,0,0,0,27,0,0,1,2,1,0,0,1,802,3,3,0,2,2,1
405,18,1,0,0,0,0,0,4,0,0,0,0,43,0,0,1,1,2,0,0,1,2899,1,3,4,4,4,2
406,24,0,0,0,1,0,0,1,0,0,0,0,22,0,0,1,1,1,1,0,0,2039,1,2,0,1,1,2
407,24,0,1,0,0,0,0,4,0,0,0,0,43,0,0,1,2,2,1,0,1,2197,3,4,4,3,4,2
408,15,0,0,0,1,0,0,4,0,0,1,0,27,0,0,1,1,1,0,1,1,1053,0,2,0,1,2,2
409,24,0,0,0,1,0,0,3,0,0,0,0,26,0,0,1,1,1,1,0,1,3235,3,2,2,4,2,3
410,12,1,0,0,0,0,0,4,0,0,1,0,28,0,0,1,3,1,1,0,0,939,2,4,2,3,2,2
411,24,0,0,0,1,0,0,4,0,0,0,0,20,0,0,1,1,1,1,0,1,1967,1,2,0,4,4,2
412,33,0,1,0,0,0,0,3,0,0,0,0,35,0,0,1,2,1,1,0,1,7253,3,4,0,3,2,3
413,12,0,0,0,0,0,1,4,0,0,0,0,42,1,0,1,2,1,1,0,0,2292,3,4,0,0,2,3
414,10,1,0,0,0,0,0,3,0,0,0,1,40,0,1,0,1,2,0,1,1,1597,3,2,2,2,2,1
415,24,1,0,0,0,0,0,4,0,0,0,0,35,0,0,1,1,1,0,0,0,1381,0,2,4,2,2,2
416,36,0,1,0,0,0,0,2,0,0,0,0,35,0,0,1,2,2,1,0,1,5842,3,4,0,4,2,2
417,12,1,0,0,0,0,0,4,0,0,1,0,33,0,0,1,1,2,0,0,0,2579,0,2,0,1,1,1
418,18,0,0,0,0,1,0,1,0,0,0,0,23,0,1,0,2,1,1,0,1,8471,0,3,4,2,2,2
419,21,1,0,0,0,0,0,1,0,0,0,0,31,1,0,1,1,1,0,0,1,2782,3,2,2,3,2,3
420,18,1,0,0,0,0,0,4,0,0,0,0,33,0,0,1,1,1,0,0,0,1042,1,2,4,2,2,2
421,15,1,0,0,0,0,0,2,0,0,0,0,20,0,1,0,1,1,0,0,1,3186,3,2,3,3,3,2
422,12,0,1,0,0,0,0,4,0,0,0,0,30,0,0,1,1,1,0,0,1,2028,1,2,4,2,2,2
423,12,1,0,0,0,0,0,2,0,0,1,0,47,0,0,1,2,2,0,0,1,958,1,4,0,3,3,1
424,21,0,0,1,0,0,0,4,0,0,1,0,34,0,0,1,2,1,0,0,1,1591,3,3,1,3,3,3
425,12,0,0,1,0,0,0,1,0,0,0,0,25,1,0,1,1,1,1,0,0,2762,1,2,4,4,2,2
426,18,0,1,0,0,0,0,1,0,0,0,0,21,0,1,0,1,1,1,0,1,2779,1,2,0,2,3,2
427,28,0,0,0,1,0,0,4,0,0,0,0,29,0,0,1,2,1,0,0,1,2743,3,4,0,4,2,2
428,18,0,0,0,1,0,0,4,0,0,1,0,46,0,0,1,2,1,0,0,1,1149,3,4,3,2,3,2
429,9,0,0,1,0,0,0,1,0,0,0,0,20,0,0,1,1,1,0,0,1,1313,3,2,0,4,4,2
430,18,0,0,0,0,0,0,2,0,0,0,1,55,0,0,0,3,2,0,0,0,1190,0,4,0,0,4,0
431,5,0,0,0,0,0,1,1,0,0,1,0,74,0,0,1,1,1,0,0,1,3448,3,2,0,3,4,1
432,24,0,0,0,0,0,0,2,1,0,0,0,29,1,0,1,2,1,1,0,0,11328,1,2,0,2,3,3
433,6,0,0,1,0,0,0,4,0,0,0,1,36,0,0,0,3,1,1,0,1,1872,0,4,0,0,4,3
434,24,0,0,0,0,0,0,4,0,0,1,0,33,0,0,1,2,1,1,0,1,2058,3,4,0,2,2,2
435,9,0,0,1,0,0,0,3,0,0,1,0,25,0,0,1,1,1,0,0,1,2136,0,2,0,2,2,2
436,12,0,0,0,1,0,0,2,0,0,1,0,25,0,0,1,1,1,1,0,0,1484,1,2,4,2,1,2
437,6,0,0,0,0,0,0,2,0,0,1,0,23,0,1,0,1,1,0,0,1,660,3,2,2,3,4,1
438,24,1,0,0,0,0,0,4,0,0,1,0,37,0,0,1,2,1,1,0,1,1287,3,4,3,4,4,2
439,42,0,0,0,0,0,0,4,1,0,0,0,65,0,0,1,2,1,0,0,1,3394,0,4,0,0,4,0
440,12,0,0,0,0,0,1,4,0,0,1,0,26,0,0,1,1,1,0,0,0,609,2,1,0,1,1,0
441,12,1,0,0,0,0,0,4,0,0,0,0,39,0,0,1,1,1,1,0,1,1884,3,2,0,4,4,3
442,12,0,0,1,0,0,0,2,1,0,0,0,30,0,0,1,1,1,0,0,1,1620,0,2,0,2,3,2
443,20,0,0,0,0,0,0,2,0,0,0,0,29,1,0,1,2,1,1,0,1,2629,1,3,0,2,3,2
444,12,0,0,0,0,1,0,4,0,0,0,0,41,1,0,1,1,2,0,0,0,719,3,2,0,4,4,1
445,48,0,0,1,0,0,0,2,0,0,0,0,30,0,0,1,1,1,1,0,0,5096,1,4,0,2,3,3
446,9,0,0,0,0,1,0,4,0,0,0,0,41,0,1,0,2,1,0,0,1,1244,3,4,4,4,4,1
447,36,1,0,0,0,0,0,4,0,0,0,0,34,0,0,1,1,1,1,0,0,1842,0,2,0,1,4,2
448,7,0,0,0,1,0,0,2,0,1,1,0,35,0,0,1,1,1,0,0,1,2576,1,2,0,2,2,2
449,12,0,0,1,0,0,0,3,0,0,1,0,55,0,0,1,1,1,1,0,1,1424,2,2,4,4,4,3
450,15,0,0,0,0,0,0,3,0,0,0,0,61,1,0,1,2,1,0,0,0,1512,1,3,3,2,3,2
451,36,0,1,0,0,0,0,4,0,0,0,0,30,0,0,1,1,1,1,0,1,11054,3,4,4,2,2,3
452,6,0,0,0,1,0,0,3,0,0,1,0,29,0,0,1,1,1,0,0,1,518,3,2,0,2,1,2
453,12,0,0,1,0,0,0,2,0,0,0,0,34,0,0,1,2,1,0,0,1,2759,3,0,0,4,4,2
454,24,0,1,0,0,0,0,4,0,0,0,0,35,0,0,1,1,1,1,0,1,2670,3,2,0,4,4,3
455,24,1,0,0,0,0,0,2,1,0,0,0,31,0,0,1,1,1,1,0,0,4817,0,2,0,3,3,2
456,24,0,1,0,0,0,0,4,0,0,0,1,29,0,0,1,1,1,1,0,1,2679,3,2,0,1,1,3
457,11,1,0,0,0,0,0,2,0,0,1,0,36,0,1,0,2,2,0,0,1,3905,0,4,0,2,2,2
458,12,0,1,0,0,0,0,3,0,0,0,1,35,0,0,0,1,1,1,0,0,3386,0,2,0,4,4,2
459,6,0,0,0,0,0,0,4,0,0,1,0,27,0,0,1,1,1,0,0,1,343,0,2,0,1,1,2
460,18,0,0,0,1,0,0,3,0,0,0,0,32,0,0,1,1,1,1,0,1,4594,3,2,0,1,2,2
461,36,0,0,1,0,0,0,1,0,1,0,0,37,0,0,1,1,2,0,0,1,3620,0,2,0,2,2,2
462,15,1,0,0,0,0,0,2,0,0,1,0,36,0,0,1,1,1,0,0,1,1721,0,2,0,1,3,2
463,12,0,0,1,0,0,0,3,0,0,1,0,34,0,1,0,1,1,0,0,1,3017,1,2,0,1,1,3
464,12,0,0,0,0,0,0,4,0,0,0,0,38,0,0,1,2,1,0,0,1,754,1,2,4,4,4,2
465,18,0,0,0,0,0,1,4,0,0,0,0,34,1,0,1,2,1,1,0,1,1950,3,2,0,3,1,2
466,24,0,1,0,0,0,0,3,0,1,0,1,63,1,0,1,1,2,1,0,1,2924,0,2,0,2,4,2
467,24,0,0,0,1,0,0,4,0,0,0,0,29,0,1,0,1,1,1,0,0,1659,0,3,0,1,2,1
468,48,0,0,0,1,0,0,3,0,0,0,0,32,1,0,1,2,2,0,0,1,7238,3,3,4,4,3,2
469,33,0,0,0,0,0,1,2,0,0,0,0,26,0,0,1,2,1,1,0,1,2764,3,3,0,2,2,2
470,24,0,1,0,0,0,0,3,0,0,0,0,35,0,0,1,2,1,1,0,1,4679,3,3,0,3,3,1
471,24,0,0,0,1,0,0,3,0,0,0,0,22,0,1,0,1,1,1,0,0,3092,1,2,1,1,2,2
472,6,0,0,0,0,1,0,4,0,0,0,0,23,0,0,1,1,1,0,0,0,448,0,2,0,1,4,2
473,9,1,0,0,0,0,0,4,0,0,0,0,28,0,0,1,1,1,0,0,0,654,0,2,0,2,3,1
474,6,0,0,0,0,0,0,4,0,0,0,0,36,0,0,1,1,2,1,0,1,1238,3,2,4,0,4,3
475,18,0,0,0,1,0,0,4,0,0,0,0,33,0,0,1,1,1,0,0,0,1245,1,4,0,2,2,2
476,18,0,0,1,0,0,0,1,0,0,0,0,26,0,1,0,1,1,0,0,0,3114,0,0,0,1,4,2
477,39,0,1,0,0,0,0,4,0,0,0,0,24,0,0,1,1,1,0,0,1,2569,3,2,2,2,4,2
478,24,0,0,0,1,0,0,4,0,0,0,0,25,1,0,1,1,1,0,0,1,5152,2,2,0,3,2,2
479,12,0,0,0,0,0,1,3,0,0,1,0,39,0,0,1,1,1,0,0,1,1037,1,2,1,3,4,1
480,15,0,0,1,0,0,0,4,0,0,0,0,44,0,0,1,2,2,1,0,1,1478,0,4,0,4,4,2
481,12,0,0,0,1,0,0,1,0,0,1,0,23,0,0,1,1,1,0,0,1,3573,1,4,0,2,1,1
482,24,1,0,0,0,0,0,4,0,0,0,0,26,0,0,1,1,1,0,0,1,1201,1,2,0,1,1,2
483,30,0,0,1,0,0,0,4,0,0,0,0,57,0,1,0,2,1,1,0,1,3622,0,2,3,4,4,2
484,15,0,0,1,0,0,0,3,0,0,0,0,30,0,0,1,2,1,0,0,1,960,3,3,3,3,2,2
485,12,1,0,0,0,0,0,4,0,0,1,0,44,0,0,1,1,1,1,0,1,1163,3,4,2,2,4,2
486,6,1,0,0,0,0,0,4,0,0,0,0,47,0,0,1,1,1,1,0,0,1209,1,3,0,0,4,3
487,12,0,0,0,1,0,0,2,0,0,0,0,52,0,0,1,1,1,1,0,1,3077,3,2,0,2,4,2
488,24,1,0,0,0,0,0,4,1,0,0,1,62,0,0,0,1,1,1,0,1,3757,3,2,0,4,4,2
489,10,1,0,0,0,0,0,3,0,0,1,0,35,0,1,0,1,1,0,1,1,1418,3,2,1,2,2,1
490,6,1,0,0,0,0,0,2,0,1,0,0,26,0,1,0,1,1,0,0,1,3518,3,2,0,2,3,2
491,12,0,0,0,1,0,0,2,0,0,0,1,26,0,0,1,2,1,0,0,1,1934,3,4,0,4,2,2
492,27,0,0,0,0,0,1,2,0,0,0,1,42,0,0,0,2,1,1,0,0,8318,1,0,0,4,4,3
493,6,0,0,0,1,0,0,1,0,0,0,0,27,0,0,1,2,1,0,0,1,1237,3,4,1,2,1,2
494,6,0,0,0,1,0,0,4,0,0,0,0,38,0,0,1,1,1,0,0,1,368,1,2,4,4,4,2
495,12,1,0,0,0,0,0,3,0,0,1,0,39,0,1,0,2,2,0,1,1,2122,0,4,0,2,2,1
496,24,0,0,1,0,0,0,2,0,0,0,0,20,0,0,1,1,1,0,0,0,2996,0,2,4,2,4,2
497,36,0,0,1,0,0,0,4,1,0,0,1,29,0,1,0,1,1,1,0,0,9034,1,2,1,1,1,3
498,24,0,0,1,0,0,0,4,0,0,0,0,40,0,0,1,2,1,0,0,1,1585,3,4,0,3,3,2
499,18,0,0,0,1,0,0,4,0,1,1,0,32,0,0,1,1,1,0,0,1,1301,1,2,0,4,2,1
500,6,1,0,0,0,0,0,2,0,0,0,0,28,0,0,1,2,2,1,0,1,1323,2,4,1,4,4,2
501,24,1,0,0,0,0,0,4,0,0,0,0,27,0,0,1,1,1,0,0,0,3123,0,2,0,1,1,2
502,36,0,1,0,0,0,0,2,0,0,0,1,42,0,0,0,1,2,0,0,1,5493,0,2,0,4,4,2
503,9,0,0,0,1,0,0,2,0,0,1,0,49,0,0,1,1,1,0,0,1,1126,2,2,1,4,4,2
504,24,0,0,0,1,0,0,4,0,0,0,1,38,1,0,1,2,2,0,0,0,1216,1,4,1,1,4,2
505,24,1,0,0,0,0,0,4,0,0,0,0,24,0,1,0,1,1,0,0,0,1207,0,2,0,1,4,2
506,10,1,0,0,0,0,0,4,0,1,0,0,27,0,0,1,1,1,0,0,0,1309,3,2,4,2,4,1
507,15,0,1,0,0,0,0,2,0,0,0,0,36,0,0,1,1,1,1,0,1,2360,2,4,2,2,2,2
508,15,1,0,0,0,0,0,1,0,0,0,0,34,0,0,1,1,2,1,0,0,6850,1,1,1,0,2,3
509,24,0,0,0,1,0,0,4,0,0,0,0,28,0,0,1,1,1,0,0,1,1413,3,2,0,2,2,2
510,39,0,1,0,0,0,0,4,0,0,0,0,45,0,0,1,1,1,1,0,1,8588,3,2,1,4,2,3
511,12,1,0,0,0,0,0,4,0,0,1,0,26,0,0,1,1,1,0,0,0,759,0,2,0,3,2,2
512,36,0,1,0,0,0,0,2,0,0,0,1,32,0,0,0,1,1,1,0,1,4686,3,2,0,2,2,3
513,15,0,0,0,0,0,1,2,0,0,0,0,26,0,1,0,1,1,1,0,1,2687,2,2,0,3,4,2
514,12,0,0,0,1,0,0,4,1,0,1,0,20,0,1,0,2,1,0,0,1,585,1,3,0,2,4,2
515,24,1,0,0,0,0,0,4,0,0,0,0,54,0,0,1,1,1,0,0,1,2255,3,2,4,1,1,2
516,6,1,0,0,0,0,0,4,0,0,0,0,37,0,0,1,2,1,0,1,1,609,0,4,0,3,3,2
517,6,1,0,0,0,0,0,2,0,0,1,0,40,0,0,1,1,2,0,1,1,1361,0,4,0,1,4,1
518,36,0,0,1,0,0,0,2,0,0,0,0,23,0,1,0,2,1,1,0,0,7127,3,4,0,1,4,2
519,6,1,0,0,0,0,0,3,0,0,0,0,43,0,0,1,1,1,1,0,1,1203,0,2,1,4,2,2
520,6,0,0,0,1,0,0,4,0,0,0,1,36,0,0,0,2,1,0,0,1,700,3,4,4,4,4,2
521,24,0,0,0,0,0,0,3,0,0,0,1,44,0,0,0,2,1,0,0,1,5507,3,4,0,4,4,2
522,18,0,0,0,1,0,0,2,0,0,1,0,24,0,0,1,1,1,0,0,0,3190,0,2,0,2,2,2
523,48,0,0,1,0,0,0,3,0,0,0,1,53,0,0,0,2,2,0,0,0,7119,0,0,0,2,4,2
524,24,0,1,0,0,0,0,3,0,0,0,0,23,0,0,1,1,1,0,0,1,3488,3,2,1,3,4,2
525,18,0,0,0,1,0,0,4,0,1,1,0,26,0,0,1,1,2,0,0,1,1113,1,2,0,2,4,1
526,26,0,1,0,0,0,0,2,0,0,0,0,30,0,0,1,2,1,0,0,1,7966,1,2,0,1,3,2
527,15,0,0,0,0,1,0,4,0,0,0,0,31,0,0,1,1,1,0,0,1,1532,3,4,1,2,3,2
528,4,0,0,0,1,0,0,2,0,0,1,0,42,0,0,1,2,2,0,0,1,1503,3,4,0,3,1,1
529,36,0,0,0,1,0,0,4,0,0,0,0,31,0,1,0,1,1,0,0,0,2302,0,2,0,2,4,2
530,6,1,0,0,0,0,0,3,0,0,1,0,41,0,0,1,1,2,1,0,1,662,0,2,0,1,4,1
531,36,0,0,0,0,1,0,3,0,0,0,0,32,0,0,1,2,2,0,0,1,2273,1,2,0,3,1,2
532,15,1,0,0,0,0,0,2,0,0,0,0,28,0,1,0,2,1,1,0,0,2631,1,2,1,2,4,2
533,12,0,1,0,0,0,0,4,0,0,1,0,41,0,1,0,1,1,0,0,1,1503,3,3,0,2,4,2
534,24,0,0,0,1,0,0,4,0,0,0,0,26,0,0,1,1,1,1,0,1,1311,3,2,1,3,3,2
535,24,0,0,0,1,0,0,4,0,0,0,0,25,0,0,1,2,1,0,0,1,3105,3,2,4,1,2,2
536,21,0,0,0,0,1,0,2,0,0,0,0,33,0,1,0,1,1,0,0,0,2319,2,4,0,1,1,2
537,6,1,0,0,0,0,0,4,0,0,0,0,75,0,0,1,1,1,1,0,1,1374,0,2,4,0,3,3
538,18,0,0,1,0,0,0,3,0,0,0,0,37,0,0,1,1,1,1,0,1,3612,1,4,0,4,4,2
539,48,1,0,0,0,0,0,4,0,0,0,1,42,1,0,0,1,1,0,0,0,7763,0,2,0,4,4,3
540,18,0,0,1,0,0,0,1,0,0,0,0,45,1,0,1,1,1,0,0,1,3049,2,2,0,1,1,1
541,12,0,0,0,1,0,0,1,0,0,1,0,23,0,1,0,1,1,0,0,0,1534,1,2,0,1,1,2
542,24,1,0,0,0,0,0,4,0,0,0,1,60,0,0,0,2,1,1,0,1,2032,3,3,0,4,4,2
543,30,0,0,1,0,0,0,4,0,0,0,0,31,0,0,1,1,1,0,0,0,6350,0,2,4,4,4,2
544,18,0,0,1,0,0,0,2,0,0,1,0,34,0,0,1,1,2,0,0,0,2864,2,2,0,2,1,1
545,12,1,0,0,0,0,0,4,0,0,1,0,61,0,0,1,2,1,0,0,1,1255,3,4,0,4,4,1
546,24,1,0,0,0,0,0,4,0,0,1,0,43,0,0,0,2,2,0,0,0,1333,0,3,0,0,2,2
547,24,1,0,0,0,0,0,4,0,0,0,0,37,0,0,1,1,1,1,0,1,2022,3,4,0,2,4,2
548,24,0,0,0,1,0,0,3,0,0,0,0,32,1,0,1,1,2,0,0,1,1552,3,2,0,3,1,2
549,12,0,0,0,1,0,0,4,0,0,1,0,24,1,0,1,1,1,0,0,0,626,0,1,0,2,4,1
550,48,0,1,0,0,0,0,2,0,0,0,1,35,0,0,0,2,1,1,0,1,8858,3,4,4,3,1,2
551,12,0,0,0,0,0,0,4,0,0,1,0,23,0,0,1,2,1,0,0,1,996,3,4,4,3,4,2
552,6,0,0,0,1,0,0,2,0,0,0,0,45,1,0,1,1,2,0,0,1,1750,3,1,2,4,4,1
553,48,0,0,0,1,0,0,1,0,1,1,0,34,0,0,1,2,1,1,0,0,6999,0,2,0,3,1,2
554,12,1,0,0,0,0,0,4,0,0,0,0,27,0,0,1,1,1,0,0,1,1995,1,4,1,1,1,2
555,9,0,0,0,0,1,0,4,0,0,0,0,67,0,0,1,2,1,1,0,1,1199,1,2,0,3,4,3
556,12,0,0,0,1,0,0,2,0,0,0,0,22,1,0,1,1,1,0,0,0,1331,1,2,0,1,1,2
557,18,1,0,0,0,0,0,3,0,0,0,0,28,0,0,1,2,1,0,0,0,2278,1,0,1,1,3,2
558,21,1,0,0,0,0,0,1,0,0,0,0,29,1,0,1,2,1,1,0,0,5003,3,0,4,2,4,2
559,24,0,0,1,0,0,0,3,0,0,0,0,27,1,0,1,1,1,0,0,0,3552,0,1,0,3,4,2
560,18,0,0,1,0,0,0,2,0,0,1,0,31,0,0,1,2,1,0,0,0,1928,1,4,0,1,2,1
561,24,0,1,0,0,0,0,4,0,0,0,1,49,1,0,0,1,2,1,0,1,2964,0,2,4,4,4,2
562,24,0,0,0,1,0,0,4,0,1,0,0,24,1,1,0,1,1,0,0,0,1546,0,1,0,3,4,1
563,6,0,0,0,1,0,0,2,0,0,0,0,29,1,0,1,1,1,0,0,1,683,2,3,0,1,1,2
564,36,1,0,0,0,0,0,1,0,0,0,1,37,0,0,0,1,1,1,0,0,12389,1,2,4,2,4,2
565,24,0,0,0,0,0,1,4,0,0,0,0,37,1,0,1,2,1,1,0,1,4712,1,3,4,2,2,3
566,24,0,0,0,1,0,0,3,0,0,0,0,23,0,1,0,2,1,1,0,1,1553,1,3,1,3,2,2
567,12,1,0,0,0,0,0,2,0,0,0,0,36,0,0,1,1,1,0,0,0,1372,0,2,0,3,3,2
568,24,0,0,0,1,0,0,2,0,0,0,0,34,0,0,1,1,1,0,0,1,2578,3,4,3,4,2,2
569,48,0,0,0,1,0,0,4,0,0,0,0,41,0,0,1,2,2,1,0,1,3979,1,2,4,3,1,2
570,48,0,0,0,1,0,0,3,0,0,0,0,31,0,0,1,1,1,1,0,0,6758,0,2,0,2,2,2
571,24,0,0,1,0,0,0,4,0,0,1,0,23,0,1,0,1,1,1,0,0,3234,0,2,0,1,4,1
572,30,0,0,0,1,0,0,3,1,0,0,0,38,0,0,1,1,1,0,0,1,5954,3,4,0,3,2,2
573,24,0,1,0,0,0,0,2,0,0,0,0,26,0,1,0,1,1,1,0,1,5433,3,2,4,0,4,3
574,15,0,0,0,0,0,1,4,0,0,0,0,22,0,0,1,1,1,0,0,1,806,0,2,0,2,4,1
575,9,0,0,0,1,0,0,4,0,0,0,0,27,0,0,1,2,1,0,0,1,1082,1,2,0,4,4,1
576,15,0,0,1,0,0,0,2,1,0,0,0,24,1,0,1,2,1,0,0,1,2788,3,4,0,3,3,2
577,12,0,0,0,1,0,0,2,0,0,1,0,27,0,0,1,1,1,0,0,1,2930,1,2,0,3,1,2
578,24,0,0,0,0,1,0,3,0,0,0,0,33,0,0,1,2,1,1,0,1,1927,3,4,4,2,2,2
579,36,1,0,0,0,0,0,4,0,0,0,0,27,0,0,1,2,1,0,0,0,2820,1,4,0,1,4,2
580,24,0,0,0,0,0,0,4,0,0,0,0,27,0,0,1,2,1,0,0,1,937,3,2,0,1,3,1
581,18,1,0,0,0,0,0,3,0,1,1,0,30,1,0,1,2,1,0,0,0,1056,1,4,0,4,3,2
582,12,1,0,0,0,0,0,1,0,0,1,0,49,1,0,1,2,2,0,0,1,3124,1,4,0,1,3,1
583,9,0,0,1,0,0,0,4,0,0,1,0,26,0,1,0,1,1,0,0,1,1388,3,2,0,2,2,2
584,36,0,0,0,0,0,0,4,0,0,0,1,33,0,1,0,1,1,0,0,0,2384,1,2,0,1,1,1
585,12,1,0,0,0,0,0,4,0,0,0,1,52,0,0,0,1,1,1,0,1,2133,3,2,4,4,4,3
586,18,0,0,1,0,0,0,1,0,0,1,0,20,1,1,0,1,1,0,0,0,2039,0,2,0,2,4,2
587,9,1,0,0,0,0,0,2,0,0,1,0,36,0,1,0,2,2,0,0,1,2799,0,4,0,2,2,2
588,12,0,0,1,0,0,0,4,0,1,0,0,21,0,0,1,1,1,0,0,1,1289,0,2,0,2,1,1
589,18,0,0,0,0,0,0,4,0,0,1,0,47,0,0,1,1,1,1,0,0,1217,0,2,0,2,3,1
590,12,0,0,1,0,0,0,3,0,0,0,0,60,0,0,1,2,1,0,0,0,2246,0,4,0,4,3,2
591,12,0,0,0,1,0,0,4,0,0,1,0,58,0,0,1,4,1,1,0,1,385,0,4,0,3,3,1
592,24,1,0,0,0,0,0,4,0,0,0,0,42,0,1,0,2,1,1,0,1,1965,1,3,4,2,4,2
593,21,0,0,0,0,0,1,4,0,0,1,0,36,1,0,1,1,1,0,0,1,1572,3,2,3,4,4,1
594,24,1,0,0,0,0,0,3,0,0,0,0,20,0,1,0,1,1,1,0,0,2718,1,2,0,2,4,1
595,24,0,0,0,0,0,0,4,0,0,0,0,40,1,0,1,1,1,1,0,0,1358,0,1,4,4,3,3
596,6,1,0,0,0,0,0,1,0,0,0,0,32,1,0,1,1,1,0,0,0,931,1,1,1,1,1,1
597,24,1,0,0,0,0,0,4,0,0,0,0,23,0,1,0,2,1,0,0,0,1442,0,2,0,3,4,2
598,24,0,0,0,0,0,1,1,0,0,1,0,36,0,0,1,3,1,1,0,0,4241,1,0,0,2,4,1
599,18,1,0,0,0,0,0,2,0,0,0,0,31,1,0,1,2,1,0,0,0,2775,3,4,0,3,2,2
600,24,0,0,0,0,0,1,1,0,0,0,1,32,0,0,0,1,1,0,0,1,3863,3,3,0,2,2,2
601,7,0,0,0,1,0,0,1,0,1,1,0,45,0,0,1,1,1,0,0,1,2329,1,2,0,1,1,2
602,9,0,0,1,0,0,0,4,0,0,0,0,30,0,0,1,1,1,0,0,0,918,1,2,0,2,1,2
603,24,0,0,0,0,1,0,4,0,0,0,1,34,1,0,0,1,1,0,0,0,1837,1,1,0,3,4,1
604,36,0,0,1,0,0,0,4,0,0,0,0,28,0,0,1,1,1,1,0,0,3349,3,2,0,2,2,3
605,10,0,0,1,0,0,0,4,0,0,0,0,23,0,0,1,1,1,0,0,1,1275,2,2,0,1,2,2
606,24,0,0,1,0,0,0,4,0,0,1,0,22,1,0,1,1,1,1,0,1,2828,0,1,2,2,4,2
607,24,0,0,0,0,0,1,3,0,0,1,0,74,0,0,1,1,1,1,0,1,4526,3,4,0,2,2,3
608,36,0,0,0,1,0,0,4,1,0,0,1,50,0,0,0,1,1,0,0,0,2671,1,2,1,2,4,2
609,18,0,0,0,1,0,0,4,0,0,1,0,33,0,0,1,1,1,0,0,1,2051,3,2,0,1,1,2
610,15,0,1,0,0,0,0,4,0,0,0,1,45,1,0,0,1,2,0,0,1,1300,3,2,4,4,4,2
611,12,0,0,0,0,0,0,4,0,0,0,0,22,0,0,1,1,1,0,0,0,741,0,2,1,0,3,2
612,10,1,0,0,0,0,0,1,0,0,0,1,48,0,0,0,1,2,0,0,0,1240,2,2,1,4,4,1
613,21,0,0,0,1,0,0,4,0,0,0,0,29,1,0,1,1,1,0,0,1,3357,0,2,3,1,2,2
614,24,0,1,0,0,0,0,1,0,1,0,0,22,1,1,0,1,1,0,1,1,3632,0,1,0,2,4,2
615,18,0,0,1,0,0,0,4,0,0,1,0,22,0,0,1,1,1,0,0,0,1808,3,3,0,3,1,2
616,48,0,0,0,0,0,1,2,0,0,0,0,48,1,0,1,1,1,1,0,1,12204,1,0,4,2,2,3
617,60,0,0,0,1,0,0,2,0,0,0,1,27,0,0,0,1,1,0,0,1,9157,1,3,4,2,2,3
618,6,1,0,0,0,0,0,1,0,0,1,0,37,0,1,0,3,2,0,0,1,3676,0,4,0,2,3,2
619,30,0,0,1,0,0,0,2,1,0,0,0,21,0,1,0,1,1,0,0,0,3441,1,2,1,2,4,2
620,12,1,0,0,0,0,0,4,0,0,1,0,49,0,0,1,1,1,0,0,1,640,3,2,0,2,2,1
621,21,0,0,0,0,0,1,2,0,0,0,0,27,0,0,1,2,1,0,0,1,3652,1,4,0,3,3,2
622,18,1,0,0,0,0,0,3,0,0,0,0,32,1,0,1,2,1,0,0,0,1530,3,4,0,2,2,2
623,48,0,0,0,0,0,1,4,0,0,1,0,38,1,0,1,1,1,0,0,0,3914,3,2,4,2,2,2
624,12,0,0,1,0,0,0,4,0,0,0,0,22,0,1,0,1,1,0,0,1,1858,0,2,0,1,1,2
625,18,0,0,0,1,0,0,4,0,0,0,1,65,0,0,0,2,1,0,0,0,2600,0,2,0,2,4,2
626,15,0,0,0,1,0,0,4,0,0,0,0,35,0,0,1,1,1,0,0,1,1979,3,2,4,4,2,2
627,6,0,0,1,0,0,0,2,0,0,1,0,41,0,0,1,1,1,1,0,1,2116,2,2,0,2,2,2
628,9,1,0,0,0,0,0,2,0,0,0,1,29,0,0,1,1,1,0,0,0,1437,1,1,1,3,3,2
629,42,0,0,1,0,0,0,4,0,0,1,0,36,0,0,1,2,1,1,0,1,4042,3,4,2,2,4,2
630,9,0,0,0,0,1,0,1,0,0,1,0,64,0,0,1,1,1,0,0,1,3832,3,2,4,4,4,1
631,24,0,0,0,1,0,0,2,0,0,0,0,28,0,0,1,1,1,0,0,1,3660,0,2,0,2,4,2
632,18,0,0,1,0,0,0,4,0,0,0,0,44,1,0,1,1,1,0,0,0,1553,0,1,0,2,3,2
633,15,0,0,0,1,0,0,4,0,0,0,0,23,0,0,1,1,1,0,0,1,1444,1,2,4,1,1,2
634,9,0,0,1,0,0,0,2,1,0,0,0,19,0,1,0,2,1,0,0,0,1980,3,2,0,1,2,2
635,24,1,0,0,0,0,0,3,0,0,0,0,25,0,0,1,1,1,1,0,0,1355,1,2,0,1,4,1
636,12,0,0,0,0,1,0,4,0,0,0,0,47,1,0,1,3,2,1,0,1,1393,3,2,0,4,4,2
637,24,0,0,0,1,0,0,4,0,0,0,0,28,0,0,1,1,1,0,0,1,1376,3,2,2,3,1,2
638,60,0,0,0,1,0,0,2,0,0,0,0,21,0,0,1,2,1,1,0,1,15653,3,3,0,3,4,2
639,12,0,0,0,1,0,0,4,0,0,0,0,34,0,0,1,1,2,0,0,1,1493,3,2,0,1,3,2
640,42,0,0,0,1,0,0,3,0,0,0,0,26,1,0,1,2,2,1,0,0,4370,0,3,0,3,2,2
641,18,0,0,0,0,1,0,4,0,0,1,0,27,0,0,1,1,1,0,0,0,750,0,2,0,0,1,0
642,15,0,0,0,0,0,0,4,0,0,0,0,38,0,0,1,2,1,0,0,1,1308,1,2,0,4,4,1
643,15,0,0,0,0,1,0,3,0,0,0,0,40,0,0,1,1,1,1,0,0,4623,3,2,1,2,2,3
644,24,0,0,0,1,0,0,4,0,1,0,0,33,0,0,1,2,1,1,0,1,1851,3,4,0,3,2,2
645,18,0,0,0,1,0,0,4,0,0,0,0,32,0,0,1,2,1,1,0,1,1880,0,4,0,3,1,3
646,36,0,0,0,0,0,1,4,0,0,0,0,27,0,1,0,2,1,1,0,0,7980,3,3,4,1,4,2
647,30,0,0,1,0,0,0,2,0,1,1,0,32,0,0,1,2,1,0,0,1,4583,0,0,0,2,2,2
648,12,1,0,0,0,0,0,2,0,0,0,0,26,0,0,1,1,1,0,0,0,1386,3,2,2,2,2,2
649,24,1,0,0,0,0,0,4,0,0,0,1,38,1,0,0,1,2,0,0,0,947,2,2,0,3,3,2
650,12,0,0,0,0,1,0,4,0,0,0,0,40,0,1,0,1,2,0,0,0,684,0,2,0,2,4,1
651,48,0,0,0,0,1,0,4,0,0,0,1,50,0,0,0,1,1,1,0,1,7476,0,2,0,3,1,3
652,12,0,0,1,0,0,0,4,0,0,0,0,37,0,0,1,1,1,0,0,0,1922,1,2,0,2,2,1
653,24,1,0,0,0,0,0,4,1,0,1,0,45,0,0,1,1,1,0,0,0,2303,0,2,0,4,1,2
654,36,1,0,0,0,0,0,2,0,0,0,0,42,0,0,1,4,1,1,0,0,8086,1,3,1,4,4,3
655,24,0,1,0,0,0,0,4,0,0,0,0,35,0,0,1,2,1,1,0,1,2346,3,4,0,3,3,2
656,14,1,0,0,0,0,0,1,0,0,0,1,22,0,0,0,1,1,0,0,1,3973,0,2,0,0,4,2
657,12,1,0,0,0,0,0,4,0,0,0,0,41,1,0,1,1,2,0,0,0,888,1,2,0,4,4,1
658,48,0,0,0,1,0,0,4,0,0,0,0,37,1,0,1,1,1,1,0,1,10222,3,2,4,3,3,2
659,30,0,0,0,0,0,1,2,0,0,0,0,28,0,0,1,2,1,0,0,1,4221,1,0,0,2,1,2
660,18,0,0,1,0,0,0,2,0,0,0,1,41,0,0,1,1,1,1,0,1,6361,1,4,0,4,1,2
661,12,0,0,0,1,0,0,3,0,0,1,0,23,0,1,0,1,1,0,0,1,1297,2,2,0,2,4,2
662,12,1,0,0,0,0,0,4,0,0,0,0,23,0,0,1,1,1,0,0,0,900,0,2,4,2,2,2
663,21,0,0,1,0,0,0,4,0,0,1,0,50,0,0,1,2,1,0,0,1,2241,3,2,0,4,2,2
664,6,0,0,1,0,0,0,4,0,0,0,0,35,1,0,1,2,1,1,0,1,1050,1,3,0,0,1,3
665,6,0,0,0,0,1,0,2,0,0,0,0,50,0,0,1,1,1,0,0,1,1047,2,4,0,2,4,1
666,24,0,0,0,0,0,0,4,1,0,0,1,27,1,0,1,2,1,1,0,1,6314,3,4,0,0,2,3
667,30,0,0,1,0,0,0,4,0,0,0,0,34,1,0,1,1,2,1,0,1,3496,1,1,3,2,2,2
668,48,0,0,0,0,0,1,1,0,0,1,0,27,1,0,1,1,1,0,0,1,3609,3,1,0,2,1,2
669,12,1,0,0,0,0,0,3,1,0,0,0,43,0,1,0,2,1,1,0,0,4843,0,4,0,4,4,2
670,30,0,0,0,1,0,0,4,0,0,0,0,47,0,0,1,1,1,0,0,1,3017,2,4,0,4,4,2
671,24,0,0,0,0,0,1,3,0,0,0,0,27,0,0,1,2,1,1,0,1,4139,3,4,1,2,3,1
672,36,0,0,0,0,0,1,2,0,0,0,0,31,0,0,1,2,1,1,0,1,5742,3,2,1,3,2,2
673,60,1,0,0,0,0,0,2,0,0,0,0,42,0,0,1,1,1,1,0,1,10366,3,2,0,4,4,3
674,6,1,0,0,0,0,0,1,0,0,0,0,24,0,0,1,1,1,0,0,1,2080,3,4,2,2,2,2
675,21,0,0,0,0,0,1,4,0,0,1,0,41,1,0,1,1,2,0,0,0,2580,3,3,2,1,2,1
676,30,0,0,0,1,0,0,4,0,0,0,0,26,0,1,0,1,1,1,0,1,4530,3,4,0,3,4,3
677,24,0,0,1,0,0,0,4,0,0,0,0,33,0,0,1,1,1,1,0,1,5150,3,4,0,4,4,2
678,72,0,0,0,1,0,0,2,0,0,0,0,24,0,0,1,1,1,0,0,0,5595,1,2,1,2,2,2
679,24,0,0,0,1,0,0,4,0,0,1,0,64,1,1,0,1,1,0,0,1,2384,0,2,0,4,4,1
680,18,0,0,0,1,0,0,3,0,0,1,0,26,0,0,1,1,1,0,0,1,1453,3,2,0,1,1,2
681,6,0,0,0,0,1,0,1,0,0,0,1,56,0,0,1,1,1,0,0,1,1538,3,2,0,1,2,2
682,12,0,0,0,1,0,0,4,0,0,0,1,37,0,0,0,1,1,1,0,1,2279,3,2,4,2,4,2
683,15,0,0,0,1,0,0,4,0,0,1,0,33,1,0,1,2,1,0,0,1,1478,3,3,0,2,3,2
684,24,0,0,0,1,0,0,3,0,0,0,1,47,0,0,0,3,1,1,0,1,5103,3,4,0,1,3,2
685,36,0,0,0,0,0,1,1,0,0,0,0,31,0,0,1,2,2,1,0,1,9857,1,3,1,3,3,1
686,60,1,0,0,0,0,0,4,0,0,0,1,34,0,0,0,1,2,1,0,1,6527,3,2,4,2,4,2
687,10,0,0,0,1,0,0,4,0,0,0,0,27,0,0,1,2,1,1,0,1,1347,2,4,4,3,2,2
688,36,1,0,0,0,0,0,4,0,0,0,1,30,0,0,0,1,1,0,0,1,2862,1,3,1,4,3,2
689,9,0,0,0,1,0,0,3,1,0,0,0,35,0,0,1,1,1,1,0,1,2753,3,2,1,4,4,2
690,12,1,0,0,0,0,0,1,0,0,0,0,31,0,0,1,1,2,0,0,1,3651,0,2,3,2,3,2
691,15,0,0,1,0,0,0,2,0,0,0,0,25,0,0,1,2,1,0,0,1,975,0,4,0,2,3,2
692,15,0,0,0,0,0,0,3,0,0,1,0,25,0,0,1,1,1,0,0,1,2631,1,2,1,2,2,1
693,24,0,0,0,1,0,0,2,0,0,0,0,29,0,0,1,1,1,0,0,1,2896,1,2,1,1,1,2
694,6,1,0,0,0,0,0,1,0,0,1,0,44,0,0,1,2,2,0,0,1,4716,0,4,4,1,3,1
695,24,0,0,0,1,0,0,4,0,0,0,0,28,0,0,1,1,1,1,0,1,2284,3,2,0,3,2,2
696,6,0,1,0,0,0,0,2,0,0,0,0,50,0,1,0,1,1,0,0,1,1236,3,2,2,2,4,2
697,12,0,0,0,1,0,0,4,0,1,1,0,29,0,0,1,2,1,0,1,1,1103,1,2,0,3,3,2
698,12,1,0,0,0,0,0,1,0,0,0,0,38,0,0,1,1,1,0,0,1,926,3,4,0,0,2,0
699,18,0,0,0,1,0,0,4,0,0,0,0,24,0,0,1,2,1,0,0,1,1800,3,4,0,2,2,2
700,15,0,0,0,0,1,0,4,0,0,0,0,40,0,1,0,1,1,1,0,1,1905,2,2,0,4,4,3
701,12,0,0,1,0,0,0,4,0,0,0,0,29,0,1,0,1,1,0,0,0,1123,3,2,2,2,4,1
702,48,0,1,0,0,0,0,4,0,0,0,1,46,0,0,0,2,1,1,0,0,6331,0,4,0,4,4,2
703,24,0,0,0,1,0,0,4,0,0,0,1,47,0,0,0,1,1,1,0,1,1377,2,2,1,4,2,2
704,30,0,0,0,0,0,1,4,0,0,0,0,41,1,0,1,2,1,0,0,1,2503,1,3,1,4,2,2
705,27,0,0,0,0,0,1,4,0,0,0,0,32,0,0,1,1,2,1,0,1,2528,1,2,0,1,1,2
706,15,1,0,0,0,0,0,1,0,0,0,1,35,0,0,0,1,1,0,0,1,5324,3,2,2,4,4,2
707,48,1,0,0,0,0,0,3,0,0,0,0,24,0,0,1,1,1,0,0,0,6560,1,2,1,3,2,2
708,12,0,0,1,0,0,0,4,0,0,0,0,25,0,1,0,2,1,0,0,0,2969,1,0,0,1,3,2
709,9,0,0,0,1,0,0,4,0,0,1,0,25,0,0,1,1,1,0,0,1,1206,1,2,0,4,4,2
710,9,0,0,0,1,0,0,2,0,0,1,0,37,0,0,1,1,2,0,0,1,2118,1,2,0,2,2,1
711,18,0,0,0,1,0,0,4,0,0,0,0,32,1,0,1,2,1,1,0,1,629,3,4,2,4,3,3
712,6,0,0,0,0,1,0,4,0,0,0,1,35,0,0,0,1,1,0,0,0,1198,0,1,0,4,4,2
713,21,0,1,0,0,0,0,4,0,0,1,0,46,0,0,1,1,1,1,0,1,2476,3,2,4,4,4,3
714,9,0,0,0,1,0,0,4,0,0,1,0,25,0,0,1,2,1,0,0,1,1138,0,4,0,2,4,1
715,60,1,0,0,0,0,0,4,0,0,0,1,27,0,0,1,1,1,1,0,0,14027,1,2,0,3,2,3
716,30,0,1,0,0,0,0,1,0,0,0,0,63,0,0,1,2,1,0,0,1,7596,3,4,4,4,4,2
717,30,0,0,0,1,0,0,3,0,0,0,0,40,0,0,1,2,2,1,0,1,3077,3,4,4,4,2,2
718,18,0,0,0,1,0,0,4,0,0,0,1,32,0,0,0,1,1,1,0,1,1505,3,2,0,2,2,3
719,24,0,0,0,1,0,0,3,0,0,0,0,31,0,0,1,2,1,1,0,1,3148,2,4,4,2,2,2
720,20,0,1,0,0,0,0,3,0,0,0,0,31,1,0,1,2,1,1,0,1,6148,1,0,1,4,4,2
721,9,0,0,0,1,0,0,4,0,0,0,0,34,0,0,1,2,1,1,0,0,1337,2,0,0,1,2,3
722,6,0,0,0,0,1,0,4,0,0,0,0,24,1,1,0,1,2,0,0,0,433,1,1,3,1,2,2
723,12,1,0,0,0,0,0,4,0,0,1,0,24,0,0,1,1,1,0,0,0,1228,0,2,0,2,2,1
724,9,0,0,0,1,0,0,4,0,0,1,0,66,0,0,1,1,1,0,0,1,790,1,2,2,2,3,1
725,27,1,0,0,0,0,0,3,0,0,1,0,21,0,1,0,1,1,0,0,0,2570,3,2,0,2,3,2
726,6,1,0,0,0,0,0,2,0,0,1,0,41,1,0,1,2,1,0,0,1,250,3,4,3,2,2,1
727,15,0,0,0,1,0,0,2,0,0,0,0,47,0,0,1,2,1,0,0,1,1316,3,4,2,2,2,1
728,18,0,0,0,1,0,0,4,0,0,0,0,25,1,1,0,2,1,0,0,0,1882,0,2,0,2,4,2
729,48,0,0,0,0,0,1,4,0,0,0,1,59,0,1,0,1,1,0,0,0,6416,1,1,0,4,3,2
730,24,0,0,0,0,0,1,2,0,0,1,0,36,0,0,1,2,1,1,0,1,1275,2,4,3,2,4,2
731,24,0,0,0,1,0,0,1,0,0,0,0,33,0,0,1,1,1,0,0,1,6403,1,3,0,1,2,2
732,24,0,0,0,1,0,0,2,0,0,1,0,21,0,1,0,1,2,0,0,0,1987,0,2,0,2,4,1
733,8,0,0,0,1,0,0,4,0,1,1,0,44,0,0,1,1,1,0,0,1,760,1,2,0,3,2,1
734,24,0,1,0,0,0,0,2,0,0,0,0,28,0,1,0,1,1,1,0,1,2603,3,2,3,2,4,2
735,4,1,0,0,0,0,0,1,0,0,1,0,37,0,0,1,1,2,0,0,1,3380,3,4,0,3,1,2
736,36,0,0,0,0,0,0,3,0,0,0,1,29,1,0,1,1,1,0,0,1,3990,1,1,4,1,2,0
737,24,0,1,0,0,0,0,1,0,0,0,0,23,0,1,0,2,1,0,0,0,11560,1,2,0,2,4,3
738,18,1,0,0,0,0,0,3,0,0,0,0,35,0,0,1,1,2,1,0,1,4380,0,2,1,2,4,1
739,6,1,0,0,0,0,0,1,0,0,0,1,45,0,0,1,2,2,1,0,1,6761,3,4,0,3,3,3
740,30,0,0,0,0,0,1,4,0,0,0,0,26,0,1,0,2,1,0,0,0,4280,1,0,1,2,4,1
741,24,1,0,0,0,0,0,2,0,0,0,0,32,1,0,1,1,1,0,0,1,2325,0,1,1,3,3,2
742,10,0,0,0,1,0,0,4,0,0,1,0,23,1,0,1,1,1,0,0,1,1048,1,1,0,2,4,1
743,21,0,0,0,1,0,0,4,0,0,0,0,41,0,0,1,1,1,1,0,1,3160,3,2,4,4,3,2
744,24,0,0,1,0,0,0,4,0,0,1,0,22,1,0,1,1,1,1,0,1,2483,0,1,2,2,4,2
745,39,0,0,1,0,0,0,4,0,0,0,0,30,0,0,1,2,1,1,0,1,14179,0,4,4,3,4,3
746,13,0,0,0,0,0,1,3,0,0,0,0,28,1,0,1,2,1,0,0,1,1797,0,4,0,1,1,1
747,15,1,0,0,0,0,0,1,0,0,0,0,23,0,1,0,1,1,0,0,1,2511,0,2,0,0,4,2
748,12,1,0,0,0,0,0,3,0,0,1,0,37,0,0,1,1,1,0,0,0,1274,0,2,0,1,1,1
749,21,0,1,0,0,0,0,1,0,0,0,0,26,0,0,1,1,1,0,0,1,5248,3,2,4,2,3,2
750,15,0,1,0,0,0,0,2,0,0,0,0,33,0,0,1,1,1,0,0,1,3029,3,2,0,3,2,2
751,6,0,0,1,0,0,0,2,0,0,0,0,49,1,0,1,1,1,1,0,1,428,0,2,0,4,1,2
752,18,1,0,0,0,0,0,1,0,0,0,0,23,0,0,1,1,1,0,0,0,976,0,2,0,1,2,1
753,12,0,0,0,0,0,1,2,0,0,1,0,23,0,1,0,1,1,0,0,1,841,1,2,1,3,4,1
754,30,0,0,0,1,0,0,4,0,0,0,0,25,0,0,1,2,1,0,0,1,5771,3,4,0,3,2,2
755,12,0,0,0,0,0,0,4,0,0,0,1,55,0,0,0,2,2,0,0,0,1555,3,3,3,4,4,2
756,24,1,0,0,0,0,0,4,0,0,0,1,32,0,1,0,1,1,0,0,0,1285,0,2,4,3,4,2
757,6,1,0,0,0,0,0,1,0,0,1,0,74,0,0,1,3,2,0,1,1,1299,2,4,0,2,1,0
758,15,0,0,0,1,0,0,3,0,0,0,1,39,0,0,0,2,1,1,0,0,1271,2,4,4,2,4,2
759,24,1,0,0,0,0,0,2,0,1,1,0,31,0,0,1,1,1,1,0,1,1393,3,2,0,2,2,2
760,12,1,0,0,0,0,0,4,0,0,0,0,35,0,0,1,2,1,0,0,0,691,0,4,0,4,3,2
761,15,1,0,0,0,0,0,1,0,0,0,0,59,0,0,1,1,1,1,0,1,5045,3,4,4,4,4,2
762,18,0,0,1,0,0,0,4,0,0,1,0,24,0,1,0,2,1,0,0,0,2124,0,4,0,2,4,2
763,12,0,0,0,1,0,0,4,0,0,0,0,24,0,0,1,1,1,0,0,1,2214,0,2,0,2,3,1
764,21,1,0,0,0,0,0,4,0,0,0,1,30,0,0,0,1,1,1,0,0,12680,3,4,4,4,4,3
765,24,1,0,0,0,0,0,4,0,0,0,0,27,0,0,1,2,1,1,0,1,2463,3,4,1,3,3,2
766,12,0,0,0,1,0,0,3,0,1,1,0,40,1,0,1,2,1,0,0,1,1155,1,2,0,4,3,1
767,30,0,0,1,0,0,0,2,0,0,0,0,31,0,0,1,1,1,0,0,0,3108,0,2,0,1,4,1
768,10,0,1,0,0,0,0,1,0,0,1,0,31,0,1,0,1,1,0,0,1,2901,3,2,4,1,4,2
769,12,0,0,1,0,0,0,1,0,0,0,0,28,0,1,0,3,1,1,0,1,3617,1,4,0,4,4,2
770,12,0,0,0,1,0,0,2,0,0,1,0,63,0,0,1,2,1,1,0,1,1655,3,4,0,4,4,1
771,24,0,1,0,0,0,0,2,0,0,1,0,26,0,1,0,1,1,0,0,1,2812,0,2,4,4,4,2
772,36,0,0,0,0,1,0,3,0,0,0,1,25,0,0,1,2,1,1,0,0,8065,0,4,0,2,2,3
773,21,0,1,0,0,0,0,1,0,0,0,0,36,0,0,1,1,1,1,0,1,3275,3,4,0,4,4,3
774,24,0,0,0,1,0,0,4,0,0,0,0,52,1,0,1,2,1,0,0,1,2223,3,4,1,4,4,2
775,12,1,0,0,0,0,0,2,0,0,0,1,66,1,0,0,3,1,0,0,1,1480,2,4,2,0,4,0
776,24,1,0,0,0,0,0,4,0,0,1,0,25,0,1,0,1,1,0,0,0,1371,0,2,4,2,4,2
777,36,1,0,0,0,0,0,4,0,0,0,0,37,0,0,1,2,1,1,0,1,3535,3,4,0,3,4,2
778,18,0,0,0,1,0,0,4,0,1,1,0,25,0,0,1,1,1,0,0,1,3509,0,2,0,3,1,2
779,36,0,1,0,0,0,0,4,0,0,0,0,38,0,0,1,2,1,1,0,1,5711,3,4,3,4,2,3
780,18,0,0,0,0,0,0,2,0,0,0,0,67,0,0,1,1,1,1,0,1,3872,1,2,0,0,4,2
781,39,0,0,0,1,0,0,2,0,1,1,0,25,0,0,1,2,1,0,0,0,4933,1,4,0,3,2,2
782,24,1,0,0,0,0,0,4,0,0,1,0,60,0,0,1,1,1,1,0,1,1940,3,4,3,4,4,2
783,12,0,0,0,0,0,0,2,0,0,1,0,31,0,0,1,1,1,1,0,1,1410,1,0,0,2,2,1
784,12,1,0,0,0,0,0,4,0,0,0,0,23,1,0,1,1,1,0,0,0,836,1,2,1,1,2,1
785,20,0,1,0,0,0,0,1,0,0,1,0,60,0,0,1,1,1,1,0,1,6468,1,2,4,0,4,3
786,18,0,0,0,0,0,1,4,0,0,0,0,35,0,0,1,1,1,1,0,1,1941,1,2,3,2,2,1
787,22,0,0,0,1,0,0,3,0,0,0,0,40,0,0,1,1,1,0,0,1,2675,3,2,2,4,4,2
788,48,0,1,0,0,0,0,4,0,0,0,0,38,0,0,1,2,2,1,0,1,2751,3,4,4,4,3,2
789,48,0,0,0,0,1,0,4,0,0,0,1,50,0,0,0,1,1,0,0,0,6224,1,3,0,4,4,2
790,40,0,0,0,0,1,0,4,0,0,0,1,27,1,0,1,1,1,1,0,0,5998,0,4,0,2,3,2
791,21,0,0,0,0,0,1,2,0,0,0,0,39,0,0,1,1,2,0,0,0,1188,1,2,0,4,4,2
792,24,0,1,0,0,0,0,3,0,0,0,0,41,0,0,1,1,2,1,0,1,6313,3,2,4,4,4,3
793,6,0,0,1,0,0,0,1,0,0,0,0,27,0,0,1,2,1,0,0,1,1221,3,4,4,2,2,2
794,24,0,0,1,0,0,0,3,0,0,0,1,51,0,0,0,1,1,0,0,1,2892,2,2,0,4,4,2
795,24,0,0,1,0,0,0,4,0,0,0,1,32,0,1,0,1,1,1,0,1,3062,3,2,2,4,3,2
796,9,0,0,1,0,0,0,2,0,0,0,0,22,0,1,0,1,1,0,0,1,2301,3,2,1,1,4,2
797,18,0,1,0,0,0,0,1,0,0,0,0,51,0,0,0,1,2,1,0,0,7511,0,2,4,4,4,2
798,12,0,0,1,0,0,0,2,0,0,0,0,22,0,1,0,2,1,0,0,1,1258,3,4,0,1,4,1
799,24,1,0,0,0,0,0,4,0,0,0,0,54,0,0,1,2,1,1,0,1,717,3,3,4,4,4,2
800,9,1,0,0,0,0,0,4,0,0,1,0,35,0,0,1,1,1,0,0,1,1549,1,2,4,1,2,0
801,24,0,0,0,0,1,0,4,0,0,0,1,54,0,0,0,2,2,0,0,1,1597,3,4,0,4,4,2
802,18,0,0,0,1,0,0,3,0,1,1,0,48,1,1,0,2,1,1,0,1,1795,1,4,0,4,4,1
803,20,0,0,1,0,0,0,1,0,0,0,0,24,0,0,1,2,1,0,0,1,4272,0,4,0,4,4,2
804,12,0,0,0,1,0,0,4,0,0,0,0,35,0,0,1,2,1,0,0,1,976,3,4,4,4,4,2
805,12,1,0,0,0,0,0,1,0,0,1,0,24,0,1,0,1,1,0,0,1,7472,1,2,4,0,2,0
806,36,1,0,0,0,0,0,2,0,0,0,0,24,0,0,1,1,1,1,0,0,9271,0,2,0,3,1,2
807,6,0,0,0,1,0,0,3,0,0,1,0,26,0,0,1,1,1,0,1,1,590,1,2,0,1,3,1
808,12,0,0,0,1,0,0,4,0,0,1,0,65,0,0,1,4,1,0,0,1,930,3,4,4,4,4,2
809,42,0,1,0,0,0,0,1,0,0,0,1,55,1,0,0,1,1,1,0,1,9283,1,1,0,0,2,3
810,15,1,0,0,0,0,0,2,0,0,1,0,26,0,1,0,2,1,0,0,0,1778,1,0,0,1,1,0
811,8,0,0,0,0,0,1,3,0,0,1,0,26,0,0,1,1,1,1,0,1,907,1,2,0,1,2,2
812,6,0,0,0,1,0,0,3,0,1,1,0,28,1,0,1,1,1,0,0,1,484,1,2,0,3,3,1
813,36,0,1,0,0,0,0,4,0,0,0,0,24,0,0,1,2,1,1,0,0,9629,0,4,0,3,4,2
814,48,0,0,0,0,0,0,3,0,0,0,0,54,0,0,1,1,1,0,0,0,3051,0,2,0,2,4,2
815,48,1,0,0,0,0,0,4,0,0,0,1,46,0,0,0,1,2,0,0,0,3931,0,2,0,3,4,2
816,36,1,0,0,0,0,0,2,0,0,0,0,54,0,1,0,1,1,0,0,1,7432,1,3,0,2,2,2
817,6,0,0,0,0,0,0,1,0,0,1,0,62,0,0,1,1,1,0,0,1,1338,3,2,2,2,4,2
818,6,0,0,0,1,0,0,1,0,0,0,0,24,0,1,0,2,1,1,0,1,1554,3,4,0,3,2,2
819,36,0,0,0,0,0,0,2,1,0,0,0,43,0,0,1,1,1,0,0,1,15857,0,2,0,0,3,3
820,18,0,0,0,1,0,0,4,0,0,1,0,26,1,0,1,1,1,0,0,0,1345,0,2,0,2,3,2
821,12,1,0,0,0,0,0,3,0,0,1,0,27,0,0,1,2,1,1,0,1,1101,3,2,0,2,2,2
822,12,0,0,0,1,0,0,3,0,0,0,0,24,0,0,1,1,1,0,0,1,3016,2,2,0,2,1,2
823,36,0,0,1,0,0,0,2,0,0,0,0,41,1,0,1,1,2,0,0,0,2712,0,2,0,4,2,2
824,8,1,0,0,0,0,0,4,0,0,1,0,47,0,0,1,2,1,0,0,1,731,0,4,0,4,4,1
825,18,0,0,1,0,0,0,3,0,0,0,0,35,0,0,1,2,1,1,0,1,3780,3,4,0,1,2,3
826,21,1,0,0,0,0,0,4,0,0,0,0,30,0,0,1,2,1,1,0,1,1602,0,4,0,4,3,2
827,18,1,0,0,0,0,0,1,0,0,1,0,33,1,1,0,3,1,1,0,0,3966,0,4,0,4,4,2
828,18,0,0,0,0,0,1,2,0,0,0,0,36,1,0,1,2,2,0,0,0,4165,3,0,0,2,2,2
829,36,0,1,0,0,0,0,3,0,0,0,1,47,0,0,0,1,1,0,0,0,8335,0,2,4,4,4,2
830,48,0,0,0,0,0,1,4,0,0,0,1,38,0,0,0,1,2,1,0,1,6681,1,3,4,2,4,2
831,24,0,0,0,0,0,1,4,0,0,0,0,44,0,0,1,2,2,1,0,1,2375,3,3,2,2,2,2
832,18,1,0,0,0,0,0,4,0,0,0,0,23,0,1,0,1,1,1,0,0,1216,0,2,0,1,3,2
833,45,0,0,0,0,0,1,2,0,0,0,0,29,0,1,0,2,1,0,0,0,11816,0,0,0,4,4,2
834,24,0,0,0,1,0,0,2,0,0,0,0,42,0,0,1,1,1,1,0,1,5084,1,2,4,4,4,2
835,15,0,0,0,1,0,0,2,0,0,1,0,25,0,0,1,1,1,0,0,0,2327,2,2,0,1,3,1
836,12,1,0,0,0,0,0,4,0,0,0,0,48,1,0,1,2,1,0,0,0,1082,0,0,0,2,4,2
837,12,0,0,0,1,0,0,4,0,0,0,0,21,0,0,1,1,1,0,0,1,886,3,2,4,2,2,2
838,4,0,0,1,0,0,0,1,0,0,1,0,23,0,1,0,1,2,0,0,1,601,3,2,0,1,3,1
839,24,0,1,0,0,0,0,4,0,0,0,0,63,0,0,1,2,1,1,0,1,2957,0,4,0,4,4,2
840,24,0,0,0,1,0,0,4,1,0,1,0,46,0,0,1,2,1,0,0,1,2611,3,4,0,4,3,2
841,36,0,0,1,0,0,0,4,0,0,0,0,29,0,0,1,1,1,0,0,0,5179,0,2,0,3,2,2
842,21,0,1,0,0,0,0,3,0,0,1,0,28,1,0,1,2,1,0,0,1,2993,3,3,0,2,2,1
843,18,0,0,0,0,0,0,4,0,0,1,0,23,0,0,1,1,1,0,0,0,1943,3,2,0,1,4,2
844,24,0,0,0,0,0,1,4,0,0,0,0,50,1,0,1,1,1,1,0,1,1559,3,1,0,3,4,2
845,18,0,0,1,0,0,0,4,0,0,0,0,47,1,0,1,3,2,1,0,1,3422,3,2,0,4,4,2
846,21,0,0,1,0,0,0,2,0,0,0,0,35,0,0,1,1,1,1,0,1,3976,1,2,4,3,3,2
847,18,1,0,0,0,0,0,2,0,0,0,0,68,0,1,0,2,1,0,0,0,6761,3,2,4,2,4,2
848,24,1,0,0,0,0,0,4,0,0,1,0,28,0,0,1,1,1,0,0,1,1249,3,2,0,1,2,2
849,9,0,0,0,1,0,0,3,0,0,1,0,59,0,0,1,1,1,0,0,1,1364,0,2,0,3,4,2
850,12,0,0,0,1,0,0,4,0,0,1,0,57,1,0,1,1,1,0,0,0,709,0,2,0,4,4,1
851,20,1,0,0,0,0,0,4,0,1,0,0,33,1,1,0,2,1,0,1,0,2235,0,4,0,2,2,2
852,24,0,1,0,0,0,0,3,0,0,0,0,43,0,0,1,2,1,1,0,1,4042,3,4,4,3,4,2
853,15,0,0,0,1,0,0,4,0,0,0,1,35,0,0,0,2,1,1,0,1,1471,3,4,0,2,4,2
854,18,1,0,0,0,0,0,4,0,0,0,1,32,0,0,0,2,2,0,0,0,1442,0,1,0,3,4,1
855,36,1,0,0,0,0,0,2,0,0,0,0,45,0,0,1,2,2,1,0,1,10875,3,3,0,4,2,2
856,24,1,0,0,0,0,0,4,0,0,1,0,33,0,0,1,1,1,1,0,1,1474,3,2,1,1,3,2
857,10,0,0,0,0,0,0,4,0,0,0,0,40,0,0,1,1,1,1,0,1,894,3,2,4,3,3,2
858,15,0,0,1,0,0,0,4,0,0,0,1,28,0,0,0,1,1,1,0,1,3343,3,4,0,2,2,2
859,15,1,0,0,0,0,0,3,0,0,0,0,29,0,0,1,1,1,1,0,0,3959,0,2,0,2,2,2
860,9,1,0,0,0,0,0,1,0,1,1,0,26,0,1,0,1,2,0,1,1,3577,3,2,1,2,2,2
861,24,0,1,0,0,0,0,4,0,0,1,0,27,0,0,1,2,1,0,0,1,5804,3,4,3,2,2,2
862,18,0,0,0,0,0,1,4,0,0,0,0,28,0,0,1,1,1,1,0,0,2169,3,3,0,2,2,2
863,24,0,0,0,1,0,0,4,0,0,1,0,35,0,0,1,1,1,1,0,0,2439,0,2,0,1,4,2
864,27,0,0,1,0,0,0,4,0,0,1,0,32,1,0,1,2,2,1,0,1,4526,3,4,3,1,2,1
865,10,0,0,1,0,0,0,2,0,0,1,0,25,1,1,0,1,1,0,0,0,2210,3,2,0,2,2,1
866,15,0,0,1,0,0,0,2,0,0,0,0,20,0,1,0,1,1,0,0,1,2221,3,2,2,2,4,2
867,18,0,0,0,1,0,0,4,0,0,0,0,27,1,0,1,1,1,0,0,1,2389,0,2,0,1,1,2
868,12,0,0,1,0,0,0,2,0,0,0,0,42,1,0,1,1,1,0,0,1,3331,3,4,0,4,4,2
869,36,0,0,0,0,0,1,3,0,0,0,0,37,0,0,1,2,1,0,0,1,7409,3,2,4,4,2,2
870,12,0,0,1,0,0,0,4,0,0,0,0,24,0,1,0,1,1,0,0,1,652,0,2,0,4,4,2
871,36,0,0,1,0,0,0,2,0,0,0,0,40,0,0,1,2,1,1,0,1,7678,3,3,2,3,4,2
872,6,1,0,0,0,0,0,1,0,0,1,0,46,0,0,1,2,2,0,1,1,1343,2,4,0,4,4,2
873,24,0,0,0,0,0,1,4,0,0,1,0,26,0,0,1,2,1,1,0,1,1382,0,4,1,3,1,2
874,15,0,0,0,0,0,0,4,0,0,1,0,24,0,0,1,1,1,0,0,1,874,3,2,4,1,1,2
875,12,0,0,1,0,0,0,2,1,0,0,0,29,0,0,1,1,2,0,0,1,3590,0,2,0,2,2,1
876,11,1,0,0,0,0,0,4,0,0,0,0,40,0,0,1,2,1,0,0,1,1322,1,4,3,2,4,2
877,18,0,0,0,1,0,0,3,1,0,0,1,36,1,0,0,1,1,1,0,1,1940,0,1,0,1,4,3
878,36,0,0,0,1,0,0,4,0,0,0,0,28,0,0,1,1,1,0,0,1,3595,3,2,0,4,2,2
879,9,1,0,0,0,0,0,3,0,0,0,1,27,0,0,0,1,1,1,0,0,1422,0,2,0,1,2,3
880,30,0,0,0,1,0,0,2,0,0,0,0,36,0,0,1,2,1,0,0,1,6742,3,4,4,3,3,2
881,24,0,1,0,0,0,0,3,0,0,0,0,38,0,0,1,1,1,1,0,1,7814,3,2,0,3,3,3
882,24,0,1,0,0,0,0,2,0,0,0,1,48,0,0,0,1,1,1,0,1,9277,3,2,4,2,4,2
883,30,1,0,0,0,0,0,4,0,0,1,0,36,0,0,1,2,1,0,0,1,2181,1,4,4,4,4,2
884,18,0,0,0,1,0,0,4,0,0,0,0,65,0,0,1,2,1,0,0,1,1098,3,4,0,0,4,0
885,24,0,0,1,0,0,0,3,0,0,0,0,43,0,0,1,1,1,1,0,0,4057,1,2,0,3,3,2
886,12,0,0,0,0,1,0,4,0,0,0,0,53,0,0,1,1,1,0,0,0,795,0,2,0,1,4,2
887,24,0,0,0,0,0,1,4,0,0,0,1,34,0,0,1,2,2,1,0,1,2825,1,4,4,3,3,2
888,48,0,0,0,0,0,1,2,0,0,0,0,23,0,0,1,1,1,1,0,0,15672,1,2,0,2,2,2
889,36,1,0,0,0,0,0,4,0,0,0,0,34,0,0,1,2,1,1,0,1,6614,3,4,0,4,4,3
890,28,0,1,0,0,0,0,3,0,1,1,0,40,1,1,0,2,2,1,0,1,7824,3,1,4,1,4,2
891,27,0,0,0,0,0,1,4,0,0,0,0,43,1,0,1,4,2,1,0,1,2442,0,4,0,4,4,3
892,15,0,0,0,1,0,0,4,0,0,0,0,46,0,0,1,2,1,1,0,1,1829,3,4,0,4,4,2
893,12,1,0,0,0,0,0,4,0,0,0,0,38,1,0,1,2,1,0,1,1,2171,0,4,0,2,4,1
894,36,0,1,0,0,0,0,3,0,0,0,0,34,0,0,1,2,1,1,0,1,5800,1,4,0,2,4,2
895,18,0,0,0,1,0,0,4,0,0,0,0,29,0,0,1,2,1,1,0,1,1169,3,4,4,2,3,2
896,36,0,1,0,0,0,0,3,0,0,0,0,31,1,0,1,1,2,1,0,1,8947,3,3,4,3,2,3
897,21,0,0,0,1,0,0,4,0,0,0,0,28,0,1,0,1,1,1,0,1,2606,0,2,0,1,4,3
898,12,0,0,1,0,0,0,3,0,0,0,0,35,0,0,1,1,1,0,1,1,1592,3,4,3,3,2,2
899,15,0,0,1,0,0,0,1,0,0,1,0,33,1,1,0,1,1,0,0,1,2186,3,2,4,3,4,1
900,18,0,0,1,0,0,0,2,1,0,0,0,42,0,0,1,1,1,0,0,0,4153,0,2,0,2,3,2
901,16,1,0,0,0,0,0,2,0,1,0,0,43,1,1,0,1,1,1,0,0,2625,0,4,0,4,4,2
902,20,1,0,0,0,0,0,2,0,0,1,0,44,0,0,1,2,1,1,0,1,3485,3,4,4,1,4,2
903,36,0,1,0,0,0,0,2,0,0,0,1,42,0,0,0,2,1,0,0,1,10477,3,4,4,4,4,2
904,15,0,0,0,1,0,0,4,0,0,1,0,40,0,1,0,1,1,1,0,1,1386,3,2,4,2,2,2
905,24,0,0,0,1,0,0,4,0,0,1,0,36,0,0,1,1,1,1,0,1,1278,3,2,0,4,1,3
906,12,0,0,0,1,0,0,2,0,0,1,0,20,0,1,0,1,2,1,0,1,1107,0,2,0,2,2,3
907,21,1,0,0,0,0,0,2,1,0,1,0,24,0,0,1,1,1,0,1,1,3763,0,2,4,3,2,1
908,36,0,0,0,0,1,0,2,0,0,0,0,27,0,0,1,1,1,0,0,1,3711,1,2,4,2,2,2
909,15,0,1,0,0,0,0,1,0,0,0,0,46,0,0,1,2,1,0,0,1,3594,3,3,0,1,2,1
910,9,1,0,0,0,0,0,1,0,0,1,0,33,0,0,1,1,1,0,0,1,3195,1,2,4,2,2,1
911,36,0,0,0,1,0,0,4,0,0,1,0,34,0,0,1,2,1,0,0,1,4454,3,3,0,2,4,2
912,24,0,0,1,0,0,0,2,0,0,0,0,25,1,0,1,1,1,0,0,0,4736,1,4,0,1,4,1
913,30,0,0,0,1,0,0,2,0,0,0,0,25,0,0,1,1,1,0,0,1,2991,1,2,4,4,4,2
914,11,0,0,0,0,0,1,1,0,0,1,0,28,0,0,1,1,1,1,0,1,2142,3,2,3,4,2,2
915,24,0,0,0,0,0,1,4,0,0,0,0,31,0,1,0,1,1,1,0,0,3161,0,1,0,2,2,2
916,48,0,0,0,0,0,0,1,0,0,0,0,32,1,0,1,1,1,1,1,0,18424,1,0,0,2,2,3
917,10,0,1,0,0,0,0,1,1,0,1,0,32,0,0,1,1,2,0,0,1,2848,3,2,1,2,2,2
918,6,1,0,0,0,0,0,1,0,0,0,1,68,1,0,1,1,1,1,0,0,14896,0,2,0,4,4,3
919,24,0,0,1,0,0,0,1,0,0,0,0,33,0,0,1,1,1,0,0,0,2359,0,2,1,0,1,2
920,24,0,0,1,0,0,0,4,0,0,0,0,39,0,1,0,1,1,1,0,0,3345,0,2,0,4,2,3
921,18,0,0,1,0,0,0,4,0,0,0,1,28,0,0,1,2,1,0,0,1,1817,3,4,0,2,2,2
922,48,0,0,0,1,0,0,4,0,0,0,0,37,0,0,1,1,1,1,0,1,12749,3,3,2,3,1,3
923,9,0,0,0,NA,NA,NA,NA,NA,NA,NA,NA,NA,NA,NA,NA,NA,NA,NA,NA,0,NA,0,2,0,1,4,2
924,12,1,0,0,0,0,0,3,0,0,0,0,30,0,1,0,1,2,1,0,1,2002,1,2,0,3,4,2
925,24,0,0,1,0,0,0,2,0,0,0,0,55,1,0,1,1,1,1,0,0,6872,0,1,0,1,1,2
926,12,1,0,0,0,0,0,4,0,0,0,0,46,1,0,1,2,1,1,0,0,697,0,1,0,1,2,2
927,18,0,0,1,0,0,0,4,0,0,0,0,21,0,1,0,1,1,0,0,1,1049,0,4,0,1,4,2
928,48,0,1,0,0,0,0,4,0,0,0,1,39,1,0,0,3,2,1,0,0,10297,0,2,0,3,4,2
929,30,0,0,0,1,0,0,4,0,0,0,0,58,0,0,1,1,1,1,0,1,1867,3,2,4,4,4,2
930,12,1,0,0,0,0,0,4,0,0,1,0,43,0,0,1,2,2,0,0,1,1344,0,3,0,2,2,1
931,24,0,0,1,0,0,0,4,1,0,0,0,24,0,0,1,1,1,0,1,1,1747,0,2,0,1,1,1
932,9,0,0,0,1,0,0,4,0,0,0,0,22,0,0,1,1,1,1,0,0,1670,1,2,0,1,2,2
933,9,1,0,0,0,0,0,3,0,0,1,0,30,0,0,1,2,1,0,0,1,1224,3,4,0,2,1,2
934,12,0,0,0,1,0,0,4,0,0,0,0,42,0,0,1,2,2,1,0,1,522,3,4,2,4,4,2
935,12,0,0,0,1,0,0,4,0,0,0,0,23,1,0,1,1,1,0,0,1,1498,0,2,0,2,1,2
936,30,0,0,0,1,0,0,4,0,0,0,1,30,1,0,1,2,1,0,0,0,1919,1,3,1,1,3,3
937,9,0,0,0,1,0,0,3,0,0,1,0,28,0,0,1,1,1,0,0,0,745,2,2,0,2,2,1
938,6,0,0,0,1,0,0,4,0,0,0,0,30,0,1,0,1,1,1,0,1,2063,1,2,0,1,3,3
939,60,0,0,0,0,1,0,4,0,0,0,1,42,0,0,0,1,1,0,0,0,6288,1,2,0,2,4,2
940,24,0,1,0,0,0,0,2,0,0,0,0,46,0,0,1,2,2,1,0,1,6842,3,4,4,2,4,3
941,12,1,0,0,0,0,0,2,0,0,0,0,45,0,0,1,1,2,1,0,1,3527,3,2,4,1,3,3
942,10,1,0,0,0,0,0,3,0,0,1,0,31,0,0,1,1,2,0,1,1,1546,3,2,0,2,2,1
943,24,0,0,1,0,0,0,4,0,0,0,0,31,1,0,1,1,1,1,0,1,929,3,2,4,3,2,2
944,4,1,0,0,0,0,0,2,0,0,1,0,42,0,0,1,3,2,0,0,1,1455,3,4,0,3,1,1
945,15,0,0,1,0,0,0,4,0,1,0,0,46,0,1,0,1,1,0,0,1,1845,0,2,0,1,1,2
946,48,1,0,0,0,0,0,1,0,0,0,0,30,0,0,1,2,1,0,0,1,8358,1,0,2,1,1,2
947,24,0,0,1,0,0,0,4,0,0,0,1,30,0,0,0,1,2,1,0,0,3349,0,1,2,1,4,2
948,12,1,0,0,0,0,0,4,0,0,0,1,38,0,0,1,1,1,1,0,1,2859,3,2,4,0,4,3
949,18,0,0,1,0,0,0,4,1,0,0,0,43,0,0,1,1,2,0,0,0,1533,3,2,0,1,1,1
950,24,0,0,0,1,0,0,2,0,0,0,0,31,0,0,1,2,1,0,0,0,3621,3,2,1,4,4,2
951,18,0,0,0,0,0,1,3,0,0,0,0,40,0,0,1,3,2,1,0,1,3590,1,4,0,0,3,0
952,36,0,0,0,0,0,1,2,0,0,0,0,24,0,0,1,2,1,1,0,0,2145,0,3,0,3,1,2
953,24,0,1,0,0,0,0,3,0,0,0,0,28,0,1,0,1,1,0,0,0,4113,1,2,2,1,4,2
954,36,0,0,1,0,0,0,4,0,0,0,0,26,0,0,1,2,1,1,0,0,10974,3,2,0,0,2,3
955,12,1,0,0,0,0,0,4,0,1,0,0,29,0,0,1,1,1,1,0,1,1893,0,2,0,2,4,2
956,24,0,0,0,1,0,0,4,0,0,0,0,57,0,1,0,2,1,1,0,1,1231,0,4,3,4,4,3
957,30,0,0,0,1,0,0,4,0,0,0,0,49,1,0,1,2,1,0,0,1,3656,2,4,4,4,4,1
958,9,0,0,0,1,0,0,2,0,0,1,0,37,0,0,1,3,1,0,0,1,1154,1,4,0,4,4,1
959,28,1,0,0,0,0,0,3,0,0,0,0,45,0,0,1,1,1,0,0,0,4006,0,2,0,2,2,1
960,24,0,0,1,0,0,0,4,0,0,0,1,30,0,0,0,1,1,0,0,1,3069,1,2,1,4,4,2
961,6,0,0,0,1,0,0,2,0,0,1,0,30,0,1,0,2,1,0,0,1,1740,3,4,0,4,2,2
962,21,1,0,0,0,0,0,1,0,0,0,0,47,0,0,1,2,1,0,0,1,2353,1,3,0,2,4,2
963,15,1,0,0,0,0,0,3,0,0,0,1,29,0,0,1,1,1,0,0,1,3556,3,2,4,2,2,2
964,24,0,0,0,1,0,0,3,0,0,0,0,35,1,0,1,2,1,1,0,0,2397,3,2,2,4,2,2
965,6,0,0,0,0,0,0,3,0,0,0,0,22,0,0,1,1,1,0,0,1,454,1,2,0,1,1,1
966,30,0,0,0,1,0,0,4,0,0,0,0,26,0,0,1,1,1,0,0,1,1715,1,2,4,2,1,2
967,27,0,0,0,1,0,0,4,0,0,0,0,23,0,0,1,2,1,0,0,0,2520,1,4,2,2,2,1
968,15,0,0,0,1,0,0,4,0,0,0,0,54,1,1,0,1,1,1,0,1,3568,3,2,0,4,2,3
969,42,0,0,0,1,0,0,2,0,0,0,0,29,0,1,0,1,1,1,0,1,7166,3,2,4,3,4,2
970,11,1,0,0,0,0,0,1,0,0,1,0,40,0,0,1,2,2,0,0,1,3939,0,4,0,2,2,1
971,15,0,0,0,0,0,0,4,0,1,1,0,22,0,0,1,1,1,0,0,1,1514,1,2,1,2,2,2
972,24,1,0,0,0,0,0,1,0,0,0,0,43,0,0,1,1,2,0,0,1,7393,3,2,0,2,4,1
973,24,1,0,0,0,0,0,1,1,0,0,1,29,0,1,0,2,1,0,0,0,1193,0,1,0,0,4,0
974,60,0,0,0,0,0,1,4,1,0,0,1,36,0,1,0,1,1,0,0,0,7297,0,2,0,4,4,2
975,30,0,0,0,1,0,0,4,0,0,0,0,33,0,0,1,1,1,1,0,1,2831,3,4,0,2,2,2
976,24,0,0,0,1,0,0,3,0,0,0,0,57,0,0,1,1,1,0,0,1,1258,2,2,2,2,3,1
977,6,0,0,0,1,0,0,2,0,1,1,0,64,0,0,1,1,1,0,0,1,753,1,2,0,2,3,2
978,18,0,0,0,0,0,1,4,0,0,0,0,42,0,0,1,2,1,0,0,1,2427,1,3,4,4,2,2
979,24,1,0,0,0,0,0,4,0,0,0,0,47,0,0,1,2,2,0,0,0,2538,3,3,0,4,4,1
980,15,1,0,0,0,0,0,2,0,0,0,0,25,0,1,0,1,1,0,0,0,1264,1,1,1,2,2,2
981,30,0,0,1,NA,NA,NA,NA,NA,NA,NA,NA,NA,NA,NA,NA,1,1,0,0,0,NA,1,4,0,3,2,2
982,48,0,0,0,0,0,1,3,0,0,0,0,33,1,1,0,1,1,1,0,0,4844,3,2,0,0,2,3
983,21,1,0,0,0,0,0,1,0,0,0,0,28,1,0,1,1,1,1,0,1,2923,2,2,1,2,1,3
984,36,0,1,0,0,0,0,2,0,0,0,0,26,0,0,1,1,2,0,0,0,8229,0,2,0,2,2,2
985,24,0,0,1,0,0,0,2,0,0,0,0,30,0,0,1,2,1,0,0,1,2028,3,4,0,3,2,1
986,15,0,0,1,0,0,0,4,0,0,0,0,25,0,1,0,2,1,0,0,1,1433,0,4,0,2,3,2
987,42,0,0,0,0,0,1,2,0,0,0,0,33,0,0,1,2,1,0,0,1,6289,2,0,0,1,1,2
988,13,0,0,0,1,0,0,2,0,0,1,0,64,0,0,1,1,1,0,0,1,1409,3,2,1,0,4,2
989,24,0,1,0,0,0,0,4,0,0,0,1,29,0,0,0,1,1,1,0,1,6579,0,2,0,0,2,3
990,24,0,0,0,1,0,0,4,0,0,0,0,48,0,0,1,2,1,0,0,1,1743,1,4,0,4,2,1
991,12,0,0,0,0,1,0,2,0,0,0,0,37,0,0,1,2,2,0,0,1,3565,3,4,4,1,1,1
992,15,0,0,0,1,0,0,4,0,0,0,0,34,1,0,1,1,2,0,0,1,1569,3,1,1,4,4,1
993,18,0,0,0,1,0,0,2,0,0,0,0,23,0,1,0,2,1,0,0,1,1936,0,2,4,3,4,1
994,36,0,0,1,0,0,0,4,0,0,0,0,30,0,0,1,1,1,1,0,1,3959,0,2,0,0,3,3
995,12,1,0,0,0,0,0,4,0,0,0,0,50,0,0,1,1,1,1,0,1,2390,3,2,4,4,3,2
996,12,NA,NA,NA,NA,NA,NA,NA,NA,NA,NA,NA,NA,NA,NA,NA,NA,NA,NA,NA,NA,NA,3,2,0,3,4,1
997,30,0,1,0,0,0,0,4,0,0,0,0,40,0,0,1,1,1,1,0,1,3857,0,2,0,2,4,3
998,12,0,0,0,1,0,0,4,0,0,0,0,38,0,0,1,1,1,0,0,1,804,3,2,0,4,4,2
999,45,0,0,0,1,0,0,4,0,0,0,1,23,0,0,0,1,1,1,0,0,1845,0,2,0,2,4,2
1000,45,0,1,0,0,0,0,3,0,0,0,0,NA,0,0,1,1,1,0,0,1,NA,1,4,1,0,4,2
